place_name,place_type,year,quarter,value
אבו גוש,מועצה מקומית,2012,1,77.0
אבו גוש,מועצה מקומית,2012,2,55.0
אבו גוש,מועצה מקומית,2012,3,47.0
אבו גוש,מועצה מקומית,2012,4,31.0
אבו גוש,מועצה מקומית,2013,1,21.0
אבו גוש,מועצה מקומית,2013,2,23.0
אבו גוש,מועצה מקומית,2013,3,43.0
אבו גוש,מועצה מקומית,2013,4,12.0
אבו גוש,מועצה מקומית,2014,1,110.0
אבו גוש,מועצה מקומית,2014,2,22.0
אבו גוש,מועצה מקומית,2014,3,58.0
אבו גוש,מועצה מקומית,2014,4,85.0
אבו גוש,מועצה מקומית,2015,1,74.0
אבו גוש,מועצה מקומית,2015,2,35.0
אבו גוש,מועצה מקומית,2015,3,76.0
אבו גוש,מועצה מקומית,2015,4,99.0
אבו גוש,מועצה מקומית,2016,1,30.0
אבו גוש,מועצה מקומית,2016,2,22.0
אבו גוש,מועצה מקומית,2016,3,33.0
אבו גוש,מועצה מקומית,2016,4,58.0
אבו גוש,מועצה מקומית,2017,1,83.0
אבו גוש,מועצה מקומית,2017,2,20.0
אום אל פחם,עירייה,2012,1,687.0
אום אל פחם,עירייה,2012,2,288.0
אום אל פחם,עירייה,2012,3,240.0
אום אל פחם,עירייה,2012,4,286.0
אום אל פחם,עירייה,2013,1,617.0
אום אל פחם,עירייה,2013,2,671.0
אום אל פחם,עירייה,2013,3,435.0
אום אל פחם,עירייה,2013,4,247.0
אום אל פחם,עירייה,2014,1,535.0
אום אל פחם,עירייה,2014,2,427.0
אום אל פחם,עירייה,2014,3,236.0
אום אל פחם,עירייה,2014,4,257.0
אום אל פחם,עירייה,2015,1,598.0
אום אל פחם,עירייה,2015,2,432.0
אום אל פחם,עירייה,2015,3,391.0
אום אל פחם,עירייה,2015,4,297.0
אום אל פחם,עירייה,2016,1,824.0
אום אל פחם,עירייה,2016,2,696.0
אום אל פחם,עירייה,2016,3,653.0
אום אל פחם,עירייה,2016,4,878.0
אום אל פחם,עירייה,2017,1,1085.0
אום אל פחם,עירייה,2017,2,732.0
אופקים,עירייה,2012,1,239.0
אופקים,עירייה,2012,2,266.0
אופקים,עירייה,2012,3,390.0
אופקים,עירייה,2012,4,209.0
אופקים,עירייה,2013,1,269.0
אופקים,עירייה,2013,2,428.0
אופקים,עירייה,2013,3,410.0
אופקים,עירייה,2013,4,296.0
אופקים,עירייה,2014,1,413.0
אופקים,עירייה,2014,2,290.0
אופקים,עירייה,2014,3,186.0
אופקים,עירייה,2014,4,232.0
אופקים,עירייה,2015,1,296.0
אופקים,עירייה,2015,2,266.0
אופקים,עירייה,2015,3,373.0
אופקים,עירייה,2015,4,286.0
אופקים,עירייה,2016,1,465.0
אופקים,עירייה,2016,2,396.0
אופקים,עירייה,2016,3,586.0
אופקים,עירייה,2016,4,415.0
אופקים,עירייה,2017,1,489.0
אופקים,עירייה,2017,2,173.0
אור יהודה,עירייה,2012,1,441.0
אור יהודה,עירייה,2012,2,430.0
אור יהודה,עירייה,2012,3,428.0
אור יהודה,עירייה,2012,4,567.0
אור יהודה,עירייה,2013,1,678.0
אור יהודה,עירייה,2013,2,486.0
אור יהודה,עירייה,2013,3,386.0
אור יהודה,עירייה,2013,4,366.0
אור יהודה,עירייה,2014,1,312.0
אור יהודה,עירייה,2014,2,468.0
אור יהודה,עירייה,2014,3,291.0
אור יהודה,עירייה,2014,4,290.0
אור יהודה,עירייה,2015,1,349.0
אור יהודה,עירייה,2015,2,502.0
אור יהודה,עירייה,2015,3,355.0
אור יהודה,עירייה,2015,4,348.0
אור יהודה,עירייה,2016,1,591.0
אור יהודה,עירייה,2016,2,675.0
אור יהודה,עירייה,2016,3,558.0
אור יהודה,עירייה,2016,4,641.0
אור יהודה,עירייה,2017,1,1126.0
אור יהודה,עירייה,2017,2,512.0
אור עקיבא,עירייה,2012,1,155.0
אור עקיבא,עירייה,2012,2,125.0
אור עקיבא,עירייה,2012,3,242.0
אור עקיבא,עירייה,2012,4,188.0
אור עקיבא,עירייה,2013,1,581.0
אור עקיבא,עירייה,2013,2,333.0
אור עקיבא,עירייה,2013,3,288.0
אור עקיבא,עירייה,2013,4,464.0
אור עקיבא,עירייה,2014,1,413.0
אור עקיבא,עירייה,2014,2,422.0
אור עקיבא,עירייה,2014,3,609.0
אור עקיבא,עירייה,2014,4,749.0
אור עקיבא,עירייה,2015,1,708.0
אור עקיבא,עירייה,2015,2,343.0
אור עקיבא,עירייה,2015,3,426.0
אור עקיבא,עירייה,2015,4,122.0
אור עקיבא,עירייה,2016,1,403.0
אור עקיבא,עירייה,2016,2,152.0
אור עקיבא,עירייה,2016,3,105.0
אור עקיבא,עירייה,2016,4,124.0
אור עקיבא,עירייה,2017,1,149.0
אור עקיבא,עירייה,2017,2,234.0
אילת,עירייה,2012,1,1357.0
אילת,עירייה,2012,2,1671.0
אילת,עירייה,2012,3,2128.0
אילת,עירייה,2012,4,1575.0
אילת,עירייה,2013,1,1687.0
אילת,עירייה,2013,2,1862.0
אילת,עירייה,2013,3,2260.0
אילת,עירייה,2013,4,2149.0
אילת,עירייה,2014,1,2112.0
אילת,עירייה,2014,2,2359.0
אילת,עירייה,2014,3,2701.0
אילת,עירייה,2014,4,3087.0
אילת,עירייה,2015,1,2179.0
אילת,עירייה,2015,2,2039.0
אילת,עירייה,2015,3,2091.0
אילת,עירייה,2015,4,1004.0
אילת,עירייה,2016,1,1488.0
אילת,עירייה,2016,2,2319.0
אילת,עירייה,2016,3,2785.0
אילת,עירייה,2016,4,2236.0
אילת,עירייה,2017,1,1753.0
אילת,עירייה,2017,2,481.0
אלעד,עירייה,2012,1,284.0
אלעד,עירייה,2012,2,172.0
אלעד,עירייה,2012,3,230.0
אלעד,עירייה,2012,4,86.0
אלעד,עירייה,2013,1,132.0
אלעד,עירייה,2013,2,95.0
אלעד,עירייה,2013,3,147.0
אלעד,עירייה,2013,4,246.0
אלעד,עירייה,2014,1,263.0
אלעד,עירייה,2014,2,256.0
אלעד,עירייה,2014,3,278.0
אלעד,עירייה,2014,4,134.0
אלעד,עירייה,2015,1,319.0
אלעד,עירייה,2015,2,556.0
אלעד,עירייה,2015,3,714.0
אלעד,עירייה,2015,4,1041.0
אלעד,עירייה,2016,1,926.0
אלעד,עירייה,2016,2,589.0
אלעד,עירייה,2016,3,625.0
אלעד,עירייה,2016,4,477.0
אלעד,עירייה,2017,1,618.0
אלעד,עירייה,2017,2,272.0
אריאל,עירייה,2012,1,208.0
אריאל,עירייה,2012,2,187.0
אריאל,עירייה,2012,3,218.0
אריאל,עירייה,2012,4,311.0
אריאל,עירייה,2013,1,175.0
אריאל,עירייה,2013,2,182.0
אריאל,עירייה,2013,3,118.0
אריאל,עירייה,2013,4,336.0
אריאל,עירייה,2014,1,380.0
אריאל,עירייה,2014,2,320.0
אריאל,עירייה,2014,3,287.0
אריאל,עירייה,2014,4,383.0
אריאל,עירייה,2015,1,501.0
אריאל,עירייה,2015,2,352.0
אריאל,עירייה,2015,3,186.0
אריאל,עירייה,2015,4,425.0
אריאל,עירייה,2016,1,418.0
אריאל,עירייה,2016,2,364.0
אריאל,עירייה,2016,3,388.0
אריאל,עירייה,2016,4,527.0
אריאל,עירייה,2017,1,596.0
אריאל,עירייה,2017,2,225.0
אשדוד,עירייה,2012,1,1421.0
אשדוד,עירייה,2012,2,1634.0
אשדוד,עירייה,2012,3,2100.0
אשדוד,עירייה,2012,4,1699.0
אשדוד,עירייה,2013,1,2345.0
אשדוד,עירייה,2013,2,3166.0
אשדוד,עירייה,2013,3,2751.0
אשדוד,עירייה,2013,4,3277.0
אשדוד,עירייה,2014,1,3527.0
אשדוד,עירייה,2014,2,2863.0
אשדוד,עירייה,2014,3,1871.0
אשדוד,עירייה,2014,4,2185.0
אשדוד,עירייה,2015,1,2755.0
אשדוד,עירייה,2015,2,2684.0
אשדוד,עירייה,2015,3,3497.0
אשדוד,עירייה,2015,4,3054.0
אשדוד,עירייה,2016,1,4247.0
אשדוד,עירייה,2016,2,4036.0
אשדוד,עירייה,2016,3,4704.0
אשדוד,עירייה,2016,4,3410.0
אשדוד,עירייה,2017,1,3434.0
אשדוד,עירייה,2017,2,1912.0
אשקלון,עירייה,2012,1,2068.0
אשקלון,עירייה,2012,2,1846.0
אשקלון,עירייה,2012,3,2407.0
אשקלון,עירייה,2012,4,2111.0
אשקלון,עירייה,2013,1,2525.0
אשקלון,עירייה,2013,2,2723.0
אשקלון,עירייה,2013,3,2995.0
אשקלון,עירייה,2013,4,3083.0
אשקלון,עירייה,2014,1,2795.0
אשקלון,עירייה,2014,2,3266.0
אשקלון,עירייה,2014,3,2653.0
אשקלון,עירייה,2014,4,3414.0
אשקלון,עירייה,2015,1,4082.0
אשקלון,עירייה,2015,2,3752.0
אשקלון,עירייה,2015,3,3359.0
אשקלון,עירייה,2015,4,2763.0
אשקלון,עירייה,2016,1,4159.0
אשקלון,עירייה,2016,2,3013.0
אשקלון,עירייה,2016,3,3570.0
אשקלון,עירייה,2016,4,2342.0
אשקלון,עירייה,2017,1,3326.0
אשקלון,עירייה,2017,2,1515.0
באקה אל ע'רביה,עירייה,2012,1,153.0
באקה אל ע'רביה,עירייה,2012,2,155.0
באקה אל ע'רביה,עירייה,2012,3,143.0
באקה אל ע'רביה,עירייה,2012,4,159.0
באקה אל ע'רביה,עירייה,2013,1,232.0
באקה אל ע'רביה,עירייה,2013,2,332.0
באקה אל ע'רביה,עירייה,2013,3,316.0
באקה אל ע'רביה,עירייה,2013,4,268.0
באקה אל ע'רביה,עירייה,2014,1,451.0
באקה אל ע'רביה,עירייה,2014,2,794.0
באקה אל ע'רביה,עירייה,2014,3,523.0
באקה אל ע'רביה,עירייה,2014,4,487.0
באקה אל ע'רביה,עירייה,2015,1,562.0
באקה אל ע'רביה,עירייה,2015,2,560.0
באקה אל ע'רביה,עירייה,2015,3,644.0
באקה אל ע'רביה,עירייה,2015,4,461.0
באקה אל ע'רביה,עירייה,2016,1,770.0
באקה אל ע'רביה,עירייה,2016,2,611.0
באקה אל ע'רביה,עירייה,2016,3,748.0
באקה אל ע'רביה,עירייה,2016,4,618.0
באקה אל ע'רביה,עירייה,2017,1,896.0
באקה אל ע'רביה,עירייה,2017,2,279.0
באר יעקב,מועצה מקומית,2012,1,247.0
באר יעקב,מועצה מקומית,2012,2,83.0
באר יעקב,מועצה מקומית,2012,3,85.0
באר יעקב,מועצה מקומית,2012,4,92.0
באר יעקב,מועצה מקומית,2013,1,111.0
באר יעקב,מועצה מקומית,2013,2,134.0
באר יעקב,מועצה מקומית,2013,3,153.0
באר יעקב,מועצה מקומית,2013,4,174.0
באר יעקב,מועצה מקומית,2014,1,270.0
באר יעקב,מועצה מקומית,2014,2,97.0
באר יעקב,מועצה מקומית,2014,3,89.0
באר יעקב,מועצה מקומית,2014,4,66.0
באר יעקב,מועצה מקומית,2015,1,75.0
באר יעקב,מועצה מקומית,2015,2,178.0
באר יעקב,מועצה מקומית,2015,3,198.0
באר יעקב,מועצה מקומית,2015,4,185.0
באר יעקב,מועצה מקומית,2016,1,240.0
באר יעקב,מועצה מקומית,2016,2,242.0
באר יעקב,מועצה מקומית,2016,3,220.0
באר יעקב,מועצה מקומית,2016,4,208.0
באר יעקב,מועצה מקומית,2017,1,271.0
באר יעקב,מועצה מקומית,2017,2,127.0
באר שבע,עירייה,2012,1,1530.0
באר שבע,עירייה,2012,2,1026.0
באר שבע,עירייה,2012,3,1520.0
באר שבע,עירייה,2012,4,2997.0
באר שבע,עירייה,2013,1,2492.0
באר שבע,עירייה,2013,2,2750.0
באר שבע,עירייה,2013,3,2970.0
באר שבע,עירייה,2013,4,2284.0
באר שבע,עירייה,2014,1,2793.0
באר שבע,עירייה,2014,2,2921.0
באר שבע,עירייה,2014,3,2622.0
באר שבע,עירייה,2014,4,2183.0
באר שבע,עירייה,2015,1,3463.0
באר שבע,עירייה,2015,2,3954.0
באר שבע,עירייה,2015,3,2766.0
באר שבע,עירייה,2015,4,2794.0
באר שבע,עירייה,2016,1,3337.0
באר שבע,עירייה,2016,2,2338.0
באר שבע,עירייה,2016,3,2914.0
באר שבע,עירייה,2016,4,2161.0
באר שבע,עירייה,2017,1,3824.0
באר שבע,עירייה,2017,2,1858.0
בית שאן,עירייה,2012,1,294.0
בית שאן,עירייה,2012,2,168.0
בית שאן,עירייה,2012,3,183.0
בית שאן,עירייה,2012,4,236.0
בית שאן,עירייה,2013,1,237.0
בית שאן,עירייה,2013,2,206.0
בית שאן,עירייה,2013,3,151.0
בית שאן,עירייה,2013,4,101.0
בית שאן,עירייה,2014,1,421.0
בית שאן,עירייה,2014,2,88.0
בית שאן,עירייה,2014,3,70.0
בית שאן,עירייה,2014,4,84.0
בית שאן,עירייה,2015,1,185.0
בית שאן,עירייה,2015,2,182.0
בית שאן,עירייה,2015,3,157.0
בית שאן,עירייה,2015,4,47.0
בית שאן,עירייה,2016,1,341.0
בית שאן,עירייה,2016,2,213.0
בית שאן,עירייה,2016,3,453.0
בית שאן,עירייה,2016,4,253.0
בית שאן,עירייה,2017,1,481.0
בית שאן,עירייה,2017,2,111.0
בית שמש,עירייה,2012,1,255.0
בית שמש,עירייה,2012,2,300.0
בית שמש,עירייה,2012,3,306.0
בית שמש,עירייה,2012,4,222.0
בית שמש,עירייה,2013,1,245.0
בית שמש,עירייה,2013,2,226.0
בית שמש,עירייה,2013,3,363.0
בית שמש,עירייה,2013,4,352.0
בית שמש,עירייה,2014,1,435.0
בית שמש,עירייה,2014,2,208.0
בית שמש,עירייה,2014,3,106.0
בית שמש,עירייה,2014,4,275.0
בית שמש,עירייה,2015,1,332.0
בית שמש,עירייה,2015,2,318.0
בית שמש,עירייה,2015,3,396.0
בית שמש,עירייה,2015,4,278.0
בית שמש,עירייה,2016,1,271.0
בית שמש,עירייה,2016,2,264.0
בית שמש,עירייה,2016,3,265.0
בית שמש,עירייה,2016,4,267.0
בית שמש,עירייה,2017,1,409.0
בית שמש,עירייה,2017,2,117.0
ביתר עילית,עירייה,2012,1,60.0
ביתר עילית,עירייה,2012,2,79.0
ביתר עילית,עירייה,2012,3,105.0
ביתר עילית,עירייה,2012,4,72.0
ביתר עילית,עירייה,2013,1,43.0
ביתר עילית,עירייה,2013,2,41.0
ביתר עילית,עירייה,2013,3,189.0
ביתר עילית,עירייה,2013,4,80.0
ביתר עילית,עירייה,2014,1,220.0
ביתר עילית,עירייה,2014,2,72.0
ביתר עילית,עירייה,2014,3,111.0
ביתר עילית,עירייה,2014,4,84.0
ביתר עילית,עירייה,2015,1,78.0
ביתר עילית,עירייה,2015,2,91.0
ביתר עילית,עירייה,2015,3,23.0
ביתר עילית,עירייה,2015,4,45.0
ביתר עילית,עירייה,2016,1,75.0
ביתר עילית,עירייה,2016,2,122.0
ביתר עילית,עירייה,2016,3,204.0
ביתר עילית,עירייה,2016,4,92.0
ביתר עילית,עירייה,2017,1,269.0
ביתר עילית,עירייה,2017,2,98.0
בני ברק,עירייה,2012,1,1772.0
בני ברק,עירייה,2012,2,2037.0
בני ברק,עירייה,2012,3,2454.0
בני ברק,עירייה,2012,4,2634.0
בני ברק,עירייה,2013,1,2070.0
בני ברק,עירייה,2013,2,2080.0
בני ברק,עירייה,2013,3,1922.0
בני ברק,עירייה,2013,4,1584.0
בני ברק,עירייה,2014,1,2985.0
בני ברק,עירייה,2014,2,3176.0
בני ברק,עירייה,2014,3,1748.0
בני ברק,עירייה,2014,4,1780.0
בני ברק,עירייה,2015,1,2059.0
בני ברק,עירייה,2015,2,1945.0
בני ברק,עירייה,2015,3,1781.0
בני ברק,עירייה,2015,4,1264.0
בני ברק,עירייה,2016,1,1607.0
בני ברק,עירייה,2016,2,1478.0
בני ברק,עירייה,2016,3,2017.0
בני ברק,עירייה,2016,4,2119.0
בני ברק,עירייה,2017,1,4578.0
בני ברק,עירייה,2017,2,1688.0
בת ים,עירייה,2012,1,1651.0
בת ים,עירייה,2012,2,1408.0
בת ים,עירייה,2012,3,1981.0
בת ים,עירייה,2012,4,1832.0
בת ים,עירייה,2013,1,1642.0
בת ים,עירייה,2013,2,1590.0
בת ים,עירייה,2013,3,1611.0
בת ים,עירייה,2013,4,1237.0
בת ים,עירייה,2014,1,1483.0
בת ים,עירייה,2014,2,1606.0
בת ים,עירייה,2014,3,1487.0
בת ים,עירייה,2014,4,1387.0
בת ים,עירייה,2015,1,1476.0
בת ים,עירייה,2015,2,1658.0
בת ים,עירייה,2015,3,1830.0
בת ים,עירייה,2015,4,2081.0
בת ים,עירייה,2016,1,2715.0
בת ים,עירייה,2016,2,1682.0
בת ים,עירייה,2016,3,1554.0
בת ים,עירייה,2016,4,1172.0
בת ים,עירייה,2017,1,2599.0
בת ים,עירייה,2017,2,1533.0
ג'דידה מכר,מועצה מקומית,2012,1,51.0
ג'דידה מכר,מועצה מקומית,2012,2,94.0
ג'דידה מכר,מועצה מקומית,2012,3,143.0
ג'דידה מכר,מועצה מקומית,2012,4,55.0
ג'דידה מכר,מועצה מקומית,2013,1,196.0
ג'דידה מכר,מועצה מקומית,2013,2,138.0
ג'דידה מכר,מועצה מקומית,2013,3,112.0
ג'דידה מכר,מועצה מקומית,2013,4,54.0
ג'דידה מכר,מועצה מקומית,2014,1,105.0
ג'דידה מכר,מועצה מקומית,2014,2,118.0
ג'דידה מכר,מועצה מקומית,2014,3,43.0
ג'דידה מכר,מועצה מקומית,2014,4,32.0
ג'דידה מכר,מועצה מקומית,2015,1,110.0
ג'דידה מכר,מועצה מקומית,2015,2,114.0
ג'דידה מכר,מועצה מקומית,2015,3,31.0
ג'דידה מכר,מועצה מקומית,2015,4,56.0
ג'דידה מכר,מועצה מקומית,2016,1,107.0
ג'דידה מכר,מועצה מקומית,2016,2,81.0
ג'דידה מכר,מועצה מקומית,2016,3,192.0
ג'דידה מכר,מועצה מקומית,2016,4,115.0
ג'דידה מכר,מועצה מקומית,2017,1,130.0
ג'דידה מכר,מועצה מקומית,2017,2,35.0
ג'סר א זרקא,מועצה מקומית,2012,1,19.0
ג'סר א זרקא,מועצה מקומית,2012,2,85.0
ג'סר א זרקא,מועצה מקומית,2012,3,89.0
ג'סר א זרקא,מועצה מקומית,2012,4,35.0
ג'סר א זרקא,מועצה מקומית,2013,1,103.0
ג'סר א זרקא,מועצה מקומית,2013,2,107.0
ג'סר א זרקא,מועצה מקומית,2013,3,42.0
ג'סר א זרקא,מועצה מקומית,2013,4,152.0
ג'סר א זרקא,מועצה מקומית,2014,1,196.0
ג'סר א זרקא,מועצה מקומית,2014,2,173.0
ג'סר א זרקא,מועצה מקומית,2014,3,128.0
ג'סר א זרקא,מועצה מקומית,2014,4,93.0
ג'סר א זרקא,מועצה מקומית,2015,1,162.0
ג'סר א זרקא,מועצה מקומית,2015,2,128.0
ג'סר א זרקא,מועצה מקומית,2015,3,131.0
ג'סר א זרקא,מועצה מקומית,2015,4,155.0
ג'סר א זרקא,מועצה מקומית,2016,1,188.0
ג'סר א זרקא,מועצה מקומית,2016,2,75.0
ג'סר א זרקא,מועצה מקומית,2016,3,65.0
ג'סר א זרקא,מועצה מקומית,2016,4,69.0
ג'סר א זרקא,מועצה מקומית,2017,1,41.0
ג'סר א זרקא,מועצה מקומית,2017,2,30.0
ג'ת,מועצה מקומית,2012,1,162.0
ג'ת,מועצה מקומית,2012,2,28.0
ג'ת,מועצה מקומית,2012,3,34.0
ג'ת,מועצה מקומית,2012,4,45.0
ג'ת,מועצה מקומית,2013,1,174.0
ג'ת,מועצה מקומית,2013,2,90.0
ג'ת,מועצה מקומית,2013,3,63.0
ג'ת,מועצה מקומית,2013,4,94.0
ג'ת,מועצה מקומית,2014,1,78.0
ג'ת,מועצה מקומית,2014,2,132.0
ג'ת,מועצה מקומית,2014,3,135.0
ג'ת,מועצה מקומית,2014,4,343.0
ג'ת,מועצה מקומית,2015,1,345.0
ג'ת,מועצה מקומית,2015,2,237.0
ג'ת,מועצה מקומית,2015,3,193.0
ג'ת,מועצה מקומית,2015,4,179.0
ג'ת,מועצה מקומית,2016,1,279.0
ג'ת,מועצה מקומית,2016,2,146.0
ג'ת,מועצה מקומית,2016,3,92.0
ג'ת,מועצה מקומית,2016,4,50.0
ג'ת,מועצה מקומית,2017,1,60.0
ג'ת,מועצה מקומית,2017,2,14.0
גבעת שמואל,עירייה,2012,1,208.0
גבעת שמואל,עירייה,2012,2,282.0
גבעת שמואל,עירייה,2012,3,217.0
גבעת שמואל,עירייה,2012,4,405.0
גבעת שמואל,עירייה,2013,1,322.0
גבעת שמואל,עירייה,2013,2,200.0
גבעת שמואל,עירייה,2013,3,142.0
גבעת שמואל,עירייה,2013,4,94.0
גבעת שמואל,עירייה,2014,1,129.0
גבעת שמואל,עירייה,2014,2,98.0
גבעת שמואל,עירייה,2014,3,125.0
גבעת שמואל,עירייה,2014,4,157.0
גבעת שמואל,עירייה,2015,1,153.0
גבעת שמואל,עירייה,2015,2,234.0
גבעת שמואל,עירייה,2015,3,176.0
גבעת שמואל,עירייה,2015,4,88.0
גבעת שמואל,עירייה,2016,1,121.0
גבעת שמואל,עירייה,2016,2,145.0
גבעת שמואל,עירייה,2016,3,114.0
גבעת שמואל,עירייה,2016,4,77.0
גבעת שמואל,עירייה,2017,1,89.0
גבעת שמואל,עירייה,2017,2,53.0
גבעתיים,עירייה,2012,1,659.0
גבעתיים,עירייה,2012,2,653.0
גבעתיים,עירייה,2012,3,1036.0
גבעתיים,עירייה,2012,4,1022.0
גבעתיים,עירייה,2013,1,922.0
גבעתיים,עירייה,2013,2,987.0
גבעתיים,עירייה,2013,3,901.0
גבעתיים,עירייה,2013,4,997.0
גבעתיים,עירייה,2014,1,1237.0
גבעתיים,עירייה,2014,2,957.0
גבעתיים,עירייה,2014,3,884.0
גבעתיים,עירייה,2014,4,878.0
גבעתיים,עירייה,2015,1,1052.0
גבעתיים,עירייה,2015,2,916.0
גבעתיים,עירייה,2015,3,857.0
גבעתיים,עירייה,2015,4,780.0
גבעתיים,עירייה,2016,1,1085.0
גבעתיים,עירייה,2016,2,1057.0
גבעתיים,עירייה,2016,3,948.0
גבעתיים,עירייה,2016,4,836.0
גבעתיים,עירייה,2017,1,1030.0
גבעתיים,עירייה,2017,2,368.0
גדרה,מועצה מקומית,2012,1,257.0
גדרה,מועצה מקומית,2012,2,137.0
גדרה,מועצה מקומית,2012,3,125.0
גדרה,מועצה מקומית,2012,4,74.0
גדרה,מועצה מקומית,2013,1,185.0
גדרה,מועצה מקומית,2013,2,204.0
גדרה,מועצה מקומית,2013,3,131.0
גדרה,מועצה מקומית,2013,4,73.0
גדרה,מועצה מקומית,2014,1,55.0
גדרה,מועצה מקומית,2014,2,76.0
גדרה,מועצה מקומית,2014,3,73.0
גדרה,מועצה מקומית,2014,4,56.0
גדרה,מועצה מקומית,2015,1,159.0
גדרה,מועצה מקומית,2015,2,117.0
גדרה,מועצה מקומית,2015,3,504.0
גדרה,מועצה מקומית,2015,4,456.0
גדרה,מועצה מקומית,2016,1,467.0
גדרה,מועצה מקומית,2016,2,326.0
גדרה,מועצה מקומית,2016,3,689.0
גדרה,מועצה מקומית,2016,4,376.0
גדרה,מועצה מקומית,2017,1,450.0
גדרה,מועצה מקומית,2017,2,122.0
גן יבנה,מועצה מקומית,2012,1,172.0
גן יבנה,מועצה מקומית,2012,2,185.0
גן יבנה,מועצה מקומית,2012,3,212.0
גן יבנה,מועצה מקומית,2012,4,196.0
גן יבנה,מועצה מקומית,2013,1,211.0
גן יבנה,מועצה מקומית,2013,2,214.0
גן יבנה,מועצה מקומית,2013,3,228.0
גן יבנה,מועצה מקומית,2013,4,177.0
גן יבנה,מועצה מקומית,2014,1,185.0
גן יבנה,מועצה מקומית,2014,2,141.0
גן יבנה,מועצה מקומית,2014,3,67.0
גן יבנה,מועצה מקומית,2014,4,109.0
גן יבנה,מועצה מקומית,2015,1,94.0
גן יבנה,מועצה מקומית,2015,2,103.0
גן יבנה,מועצה מקומית,2015,3,133.0
גן יבנה,מועצה מקומית,2015,4,79.0
גן יבנה,מועצה מקומית,2016,1,147.0
גן יבנה,מועצה מקומית,2016,2,91.0
גן יבנה,מועצה מקומית,2016,3,146.0
גן יבנה,מועצה מקומית,2016,4,142.0
גן יבנה,מועצה מקומית,2017,1,163.0
גן יבנה,מועצה מקומית,2017,2,70.0
דייר אל אסד,מועצה מקומית,2012,1,74.0
דייר אל אסד,מועצה מקומית,2012,2,35.0
דייר אל אסד,מועצה מקומית,2012,3,23.0
דייר אל אסד,מועצה מקומית,2012,4,62.0
דייר אל אסד,מועצה מקומית,2013,1,40.0
דייר אל אסד,מועצה מקומית,2013,2,28.0
דייר אל אסד,מועצה מקומית,2013,3,39.0
דייר אל אסד,מועצה מקומית,2013,4,70.0
דייר אל אסד,מועצה מקומית,2014,1,105.0
דייר אל אסד,מועצה מקומית,2014,2,83.0
דייר אל אסד,מועצה מקומית,2014,3,54.0
דייר אל אסד,מועצה מקומית,2014,4,79.0
דייר אל אסד,מועצה מקומית,2015,1,75.0
דייר אל אסד,מועצה מקומית,2015,2,64.0
דייר אל אסד,מועצה מקומית,2015,3,106.0
דייר אל אסד,מועצה מקומית,2015,4,37.0
דייר אל אסד,מועצה מקומית,2016,1,118.0
דייר אל אסד,מועצה מקומית,2016,2,93.0
דייר אל אסד,מועצה מקומית,2016,3,106.0
דייר אל אסד,מועצה מקומית,2016,4,91.0
דייר אל אסד,מועצה מקומית,2017,1,169.0
דייר אל אסד,מועצה מקומית,2017,2,72.0
דימונה,עירייה,2012,1,358.0
דימונה,עירייה,2012,2,563.0
דימונה,עירייה,2012,3,518.0
דימונה,עירייה,2012,4,439.0
דימונה,עירייה,2013,1,468.0
דימונה,עירייה,2013,2,491.0
דימונה,עירייה,2013,3,526.0
דימונה,עירייה,2013,4,548.0
דימונה,עירייה,2014,1,459.0
דימונה,עירייה,2014,2,396.0
דימונה,עירייה,2014,3,378.0
דימונה,עירייה,2014,4,571.0
דימונה,עירייה,2015,1,605.0
דימונה,עירייה,2015,2,582.0
דימונה,עירייה,2015,3,382.0
דימונה,עירייה,2015,4,326.0
דימונה,עירייה,2016,1,701.0
דימונה,עירייה,2016,2,548.0
דימונה,עירייה,2016,3,499.0
דימונה,עירייה,2016,4,381.0
דימונה,עירייה,2017,1,554.0
דימונה,עירייה,2017,2,285.0
הוד השרון,עירייה,2012,1,792.0
הוד השרון,עירייה,2012,2,625.0
הוד השרון,עירייה,2012,3,651.0
הוד השרון,עירייה,2012,4,337.0
הוד השרון,עירייה,2013,1,308.0
הוד השרון,עירייה,2013,2,1964.0
הוד השרון,עירייה,2013,3,897.0
הוד השרון,עירייה,2013,4,2435.0
הוד השרון,עירייה,2014,1,1416.0
הוד השרון,עירייה,2014,2,1393.0
הוד השרון,עירייה,2014,3,548.0
הוד השרון,עירייה,2014,4,422.0
הוד השרון,עירייה,2015,1,340.0
הוד השרון,עירייה,2015,2,253.0
הוד השרון,עירייה,2015,3,352.0
הוד השרון,עירייה,2015,4,429.0
הוד השרון,עירייה,2016,1,681.0
הוד השרון,עירייה,2016,2,599.0
הוד השרון,עירייה,2016,3,1521.0
הוד השרון,עירייה,2016,4,1314.0
הוד השרון,עירייה,2017,1,1418.0
הוד השרון,עירייה,2017,2,594.0
הרצליה,עירייה,2012,1,1153.0
הרצליה,עירייה,2012,2,930.0
הרצליה,עירייה,2012,3,891.0
הרצליה,עירייה,2012,4,630.0
הרצליה,עירייה,2013,1,1132.0
הרצליה,עירייה,2013,2,960.0
הרצליה,עירייה,2013,3,1459.0
הרצליה,עירייה,2013,4,1001.0
הרצליה,עירייה,2014,1,1301.0
הרצליה,עירייה,2014,2,943.0
הרצליה,עירייה,2014,3,675.0
הרצליה,עירייה,2014,4,830.0
הרצליה,עירייה,2015,1,1224.0
הרצליה,עירייה,2015,2,1205.0
הרצליה,עירייה,2015,3,1319.0
הרצליה,עירייה,2015,4,1468.0
הרצליה,עירייה,2016,1,1738.0
הרצליה,עירייה,2016,2,1821.0
הרצליה,עירייה,2016,3,1711.0
הרצליה,עירייה,2016,4,1282.0
הרצליה,עירייה,2017,1,1077.0
הרצליה,עירייה,2017,2,507.0
זכרון יעקב,מועצה מקומית,2012,1,105.0
זכרון יעקב,מועצה מקומית,2012,2,139.0
זכרון יעקב,מועצה מקומית,2012,3,269.0
זכרון יעקב,מועצה מקומית,2012,4,204.0
זכרון יעקב,מועצה מקומית,2013,1,163.0
זכרון יעקב,מועצה מקומית,2013,2,147.0
זכרון יעקב,מועצה מקומית,2013,3,157.0
זכרון יעקב,מועצה מקומית,2013,4,153.0
זכרון יעקב,מועצה מקומית,2014,1,239.0
זכרון יעקב,מועצה מקומית,2014,2,143.0
זכרון יעקב,מועצה מקומית,2014,3,113.0
זכרון יעקב,מועצה מקומית,2014,4,142.0
זכרון יעקב,מועצה מקומית,2015,1,169.0
זכרון יעקב,מועצה מקומית,2015,2,203.0
זכרון יעקב,מועצה מקומית,2015,3,146.0
זכרון יעקב,מועצה מקומית,2015,4,80.0
זכרון יעקב,מועצה מקומית,2016,1,96.0
זכרון יעקב,מועצה מקומית,2016,2,306.0
זכרון יעקב,מועצה מקומית,2016,3,190.0
זכרון יעקב,מועצה מקומית,2016,4,49.0
זכרון יעקב,מועצה מקומית,2017,1,126.0
זכרון יעקב,מועצה מקומית,2017,2,77.0
חדרה,עירייה,2012,1,1186.0
חדרה,עירייה,2012,2,1146.0
חדרה,עירייה,2012,3,1433.0
חדרה,עירייה,2012,4,1192.0
חדרה,עירייה,2013,1,976.0
חדרה,עירייה,2013,2,1283.0
חדרה,עירייה,2013,3,1492.0
חדרה,עירייה,2013,4,1467.0
חדרה,עירייה,2014,1,1437.0
חדרה,עירייה,2014,2,1932.0
חדרה,עירייה,2014,3,3074.0
חדרה,עירייה,2014,4,2107.0
חדרה,עירייה,2015,1,2644.0
חדרה,עירייה,2015,2,2296.0
חדרה,עירייה,2015,3,3140.0
חדרה,עירייה,2015,4,1840.0
חדרה,עירייה,2016,1,2951.0
חדרה,עירייה,2016,2,2010.0
חדרה,עירייה,2016,3,2147.0
חדרה,עירייה,2016,4,1325.0
חדרה,עירייה,2017,1,2209.0
חדרה,עירייה,2017,2,755.0
חולון,עירייה,2012,1,2330.0
חולון,עירייה,2012,2,1964.0
חולון,עירייה,2012,3,2409.0
חולון,עירייה,2012,4,2731.0
חולון,עירייה,2013,1,1790.0
חולון,עירייה,2013,2,2116.0
חולון,עירייה,2013,3,1988.0
חולון,עירייה,2013,4,2537.0
חולון,עירייה,2014,1,3268.0
חולון,עירייה,2014,2,2664.0
חולון,עירייה,2014,3,2355.0
חולון,עירייה,2014,4,1845.0
חולון,עירייה,2015,1,2213.0
חולון,עירייה,2015,2,2352.0
חולון,עירייה,2015,3,1817.0
חולון,עירייה,2015,4,1596.0
חולון,עירייה,2016,1,2700.0
חולון,עירייה,2016,2,3050.0
חולון,עירייה,2016,3,3290.0
חולון,עירייה,2016,4,3084.0
חולון,עירייה,2017,1,2905.0
חולון,עירייה,2017,2,1058.0
חיפה,עירייה,2012,1,10222.0
חיפה,עירייה,2012,2,7920.0
חיפה,עירייה,2012,3,9107.0
חיפה,עירייה,2012,4,7014.0
חיפה,עירייה,2013,1,7937.0
חיפה,עירייה,2013,2,8515.0
חיפה,עירייה,2013,3,8281.0
חיפה,עירייה,2013,4,7714.0
חיפה,עירייה,2014,1,8164.0
חיפה,עירייה,2014,2,3761.0
חיפה,עירייה,2014,3,3999.0
חיפה,עירייה,2014,4,4818.0
חיפה,עירייה,2015,1,6674.0
חיפה,עירייה,2015,2,5737.0
חיפה,עירייה,2015,3,7259.0
חיפה,עירייה,2015,4,7040.0
חיפה,עירייה,2016,1,9892.0
חיפה,עירייה,2016,2,8144.0
חיפה,עירייה,2016,3,8854.0
חיפה,עירייה,2016,4,6369.0
חיפה,עירייה,2017,1,11423.0
חיפה,עירייה,2017,2,4787.0
חצור הגלילית,מועצה מקומית,2012,1,105.0
חצור הגלילית,מועצה מקומית,2012,2,45.0
חצור הגלילית,מועצה מקומית,2012,3,101.0
חצור הגלילית,מועצה מקומית,2012,4,63.0
חצור הגלילית,מועצה מקומית,2013,1,88.0
חצור הגלילית,מועצה מקומית,2013,2,136.0
חצור הגלילית,מועצה מקומית,2013,3,84.0
חצור הגלילית,מועצה מקומית,2013,4,65.0
חצור הגלילית,מועצה מקומית,2014,1,160.0
חצור הגלילית,מועצה מקומית,2014,2,149.0
חצור הגלילית,מועצה מקומית,2014,3,87.0
חצור הגלילית,מועצה מקומית,2014,4,102.0
חצור הגלילית,מועצה מקומית,2015,1,298.0
חצור הגלילית,מועצה מקומית,2015,2,203.0
חצור הגלילית,מועצה מקומית,2015,3,107.0
חצור הגלילית,מועצה מקומית,2015,4,100.0
חצור הגלילית,מועצה מקומית,2016,1,286.0
חצור הגלילית,מועצה מקומית,2016,2,227.0
חצור הגלילית,מועצה מקומית,2016,3,284.0
חצור הגלילית,מועצה מקומית,2016,4,164.0
חצור הגלילית,מועצה מקומית,2017,1,435.0
חצור הגלילית,מועצה מקומית,2017,2,143.0
טבריה,עירייה,2012,1,783.0
טבריה,עירייה,2012,2,556.0
טבריה,עירייה,2012,3,944.0
טבריה,עירייה,2012,4,597.0
טבריה,עירייה,2013,1,837.0
טבריה,עירייה,2013,2,749.0
טבריה,עירייה,2013,3,909.0
טבריה,עירייה,2013,4,681.0
טבריה,עירייה,2014,1,816.0
טבריה,עירייה,2014,2,1076.0
טבריה,עירייה,2014,3,933.0
טבריה,עירייה,2014,4,767.0
טבריה,עירייה,2015,1,1038.0
טבריה,עירייה,2015,2,1015.0
טבריה,עירייה,2015,3,1236.0
טבריה,עירייה,2015,4,923.0
טבריה,עירייה,2016,1,1511.0
טבריה,עירייה,2016,2,1366.0
טבריה,עירייה,2016,3,1720.0
טבריה,עירייה,2016,4,765.0
טבריה,עירייה,2017,1,1572.0
טבריה,עירייה,2017,2,537.0
טובא זנגריה,מועצה מקומית,2012,1,54.0
טובא זנגריה,מועצה מקומית,2012,2,31.0
טובא זנגריה,מועצה מקומית,2012,3,56.0
טובא זנגריה,מועצה מקומית,2012,4,68.0
טובא זנגריה,מועצה מקומית,2013,1,56.0
טובא זנגריה,מועצה מקומית,2013,2,71.0
טובא זנגריה,מועצה מקומית,2013,3,86.0
טובא זנגריה,מועצה מקומית,2013,4,123.0
טובא זנגריה,מועצה מקומית,2014,1,125.0
טובא זנגריה,מועצה מקומית,2014,2,149.0
טובא זנגריה,מועצה מקומית,2014,3,60.0
טובא זנגריה,מועצה מקומית,2014,4,81.0
טובא זנגריה,מועצה מקומית,2015,1,42.0
טובא זנגריה,מועצה מקומית,2015,2,74.0
טובא זנגריה,מועצה מקומית,2015,3,96.0
טובא זנגריה,מועצה מקומית,2015,4,43.0
טובא זנגריה,מועצה מקומית,2016,1,94.0
טובא זנגריה,מועצה מקומית,2016,2,92.0
טובא זנגריה,מועצה מקומית,2016,3,161.0
טובא זנגריה,מועצה מקומית,2016,4,15.0
טובא זנגריה,מועצה מקומית,2017,1,26.0
טובא זנגריה,מועצה מקומית,2017,2,41.0
טייבה,עירייה,2012,1,88.0
טייבה,עירייה,2012,2,80.0
טייבה,עירייה,2012,3,98.0
טייבה,עירייה,2012,4,74.0
טייבה,עירייה,2013,1,77.0
טייבה,עירייה,2013,2,95.0
טייבה,עירייה,2013,3,134.0
טייבה,עירייה,2013,4,127.0
טייבה,עירייה,2014,1,99.0
טייבה,עירייה,2014,2,61.0
טייבה,עירייה,2014,3,95.0
טייבה,עירייה,2014,4,61.0
טייבה,עירייה,2015,1,127.0
טייבה,עירייה,2015,2,262.0
טייבה,עירייה,2015,3,351.0
טייבה,עירייה,2015,4,204.0
טייבה,עירייה,2016,1,393.0
טייבה,עירייה,2016,2,311.0
טייבה,עירייה,2016,3,233.0
טייבה,עירייה,2016,4,228.0
טייבה,עירייה,2017,1,264.0
טייבה,עירייה,2017,2,167.0
טירה,עירייה,2012,1,188.0
טירה,עירייה,2012,2,226.0
טירה,עירייה,2012,3,135.0
טירה,עירייה,2012,4,145.0
טירה,עירייה,2013,1,151.0
טירה,עירייה,2013,2,166.0
טירה,עירייה,2013,3,213.0
טירה,עירייה,2013,4,175.0
טירה,עירייה,2014,1,175.0
טירה,עירייה,2014,2,200.0
טירה,עירייה,2014,3,310.0
טירה,עירייה,2014,4,71.0
טירה,עירייה,2015,1,78.0
טירה,עירייה,2015,2,183.0
טירה,עירייה,2015,3,366.0
טירה,עירייה,2015,4,266.0
טירה,עירייה,2016,1,370.0
טירה,עירייה,2016,2,211.0
טירה,עירייה,2016,3,229.0
טירה,עירייה,2016,4,185.0
טירה,עירייה,2017,1,233.0
טירה,עירייה,2017,2,120.0
טירת כרמל,עירייה,2012,1,294.0
טירת כרמל,עירייה,2012,2,232.0
טירת כרמל,עירייה,2012,3,450.0
טירת כרמל,עירייה,2012,4,404.0
טירת כרמל,עירייה,2013,1,440.0
טירת כרמל,עירייה,2013,2,406.0
טירת כרמל,עירייה,2013,3,269.0
טירת כרמל,עירייה,2013,4,354.0
טירת כרמל,עירייה,2014,1,516.0
טירת כרמל,עירייה,2014,2,316.0
טירת כרמל,עירייה,2014,3,409.0
טירת כרמל,עירייה,2014,4,257.0
טירת כרמל,עירייה,2015,1,392.0
טירת כרמל,עירייה,2015,2,268.0
טירת כרמל,עירייה,2015,3,221.0
טירת כרמל,עירייה,2015,4,250.0
טירת כרמל,עירייה,2016,1,374.0
טירת כרמל,עירייה,2016,2,191.0
טירת כרמל,עירייה,2016,3,186.0
טירת כרמל,עירייה,2016,4,183.0
טירת כרמל,עירייה,2017,1,417.0
טירת כרמל,עירייה,2017,2,154.0
טמרה,עירייה,2012,1,64.0
טמרה,עירייה,2012,2,53.0
טמרה,עירייה,2012,3,59.0
טמרה,עירייה,2012,4,43.0
טמרה,עירייה,2013,1,104.0
טמרה,עירייה,2013,2,89.0
טמרה,עירייה,2013,3,77.0
טמרה,עירייה,2013,4,45.0
טמרה,עירייה,2014,1,117.0
טמרה,עירייה,2014,2,217.0
טמרה,עירייה,2014,3,130.0
טמרה,עירייה,2014,4,78.0
טמרה,עירייה,2015,1,177.0
טמרה,עירייה,2015,2,190.0
טמרה,עירייה,2015,3,194.0
טמרה,עירייה,2015,4,55.0
טמרה,עירייה,2016,1,471.0
טמרה,עירייה,2016,2,534.0
טמרה,עירייה,2016,3,394.0
טמרה,עירייה,2016,4,323.0
טמרה,עירייה,2017,1,517.0
טמרה,עירייה,2017,2,254.0
יבנה,עירייה,2012,1,236.0
יבנה,עירייה,2012,2,197.0
יבנה,עירייה,2012,3,250.0
יבנה,עירייה,2012,4,238.0
יבנה,עירייה,2013,1,250.0
יבנה,עירייה,2013,2,276.0
יבנה,עירייה,2013,3,254.0
יבנה,עירייה,2013,4,154.0
יבנה,עירייה,2014,1,110.0
יבנה,עירייה,2014,2,211.0
יבנה,עירייה,2014,3,189.0
יבנה,עירייה,2014,4,226.0
יבנה,עירייה,2015,1,192.0
יבנה,עירייה,2015,2,83.0
יבנה,עירייה,2015,3,267.0
יבנה,עירייה,2015,4,611.0
יבנה,עירייה,2016,1,744.0
יבנה,עירייה,2016,2,466.0
יבנה,עירייה,2016,3,572.0
יבנה,עירייה,2016,4,451.0
יבנה,עירייה,2017,1,463.0
יבנה,עירייה,2017,2,182.0
יהוד מונוסון,עירייה,2012,1,96.0
יהוד מונוסון,עירייה,2012,2,97.0
יהוד מונוסון,עירייה,2012,3,121.0
יהוד מונוסון,עירייה,2012,4,161.0
יהוד מונוסון,עירייה,2013,1,151.0
יהוד מונוסון,עירייה,2013,2,185.0
יהוד מונוסון,עירייה,2013,3,228.0
יהוד מונוסון,עירייה,2013,4,161.0
יהוד מונוסון,עירייה,2014,1,153.0
יהוד מונוסון,עירייה,2014,2,96.0
יהוד מונוסון,עירייה,2014,3,218.0
יהוד מונוסון,עירייה,2014,4,127.0
יהוד מונוסון,עירייה,2015,1,164.0
יהוד מונוסון,עירייה,2015,2,174.0
יהוד מונוסון,עירייה,2015,3,140.0
יהוד מונוסון,עירייה,2015,4,70.0
יהוד מונוסון,עירייה,2016,1,240.0
יהוד מונוסון,עירייה,2016,2,318.0
יהוד מונוסון,עירייה,2016,3,320.0
יהוד מונוסון,עירייה,2016,4,295.0
יהוד מונוסון,עירייה,2017,1,395.0
יהוד מונוסון,עירייה,2017,2,151.0
יקנעם עילית,עירייה,2012,1,158.0
יקנעם עילית,עירייה,2012,2,97.0
יקנעם עילית,עירייה,2012,3,108.0
יקנעם עילית,עירייה,2012,4,79.0
יקנעם עילית,עירייה,2013,1,86.0
יקנעם עילית,עירייה,2013,2,87.0
יקנעם עילית,עירייה,2013,3,50.0
יקנעם עילית,עירייה,2013,4,103.0
יקנעם עילית,עירייה,2014,1,138.0
יקנעם עילית,עירייה,2014,2,81.0
יקנעם עילית,עירייה,2014,3,92.0
יקנעם עילית,עירייה,2014,4,64.0
יקנעם עילית,עירייה,2015,1,128.0
יקנעם עילית,עירייה,2015,2,76.0
יקנעם עילית,עירייה,2015,3,92.0
יקנעם עילית,עירייה,2015,4,121.0
יקנעם עילית,עירייה,2016,1,219.0
יקנעם עילית,עירייה,2016,2,102.0
יקנעם עילית,עירייה,2016,3,153.0
יקנעם עילית,עירייה,2016,4,157.0
יקנעם עילית,עירייה,2017,1,227.0
יקנעם עילית,עירייה,2017,2,56.0
ירוחם,מועצה מקומית,2012,1,31.0
ירוחם,מועצה מקומית,2012,2,23.0
ירוחם,מועצה מקומית,2012,3,45.0
ירוחם,מועצה מקומית,2012,4,27.0
ירוחם,מועצה מקומית,2013,1,46.0
ירוחם,מועצה מקומית,2013,2,67.0
ירוחם,מועצה מקומית,2013,3,137.0
ירוחם,מועצה מקומית,2013,4,39.0
ירוחם,מועצה מקומית,2014,1,78.0
ירוחם,מועצה מקומית,2014,2,47.0
ירוחם,מועצה מקומית,2014,3,28.0
ירוחם,מועצה מקומית,2014,4,104.0
ירוחם,מועצה מקומית,2015,1,85.0
ירוחם,מועצה מקומית,2015,2,86.0
ירוחם,מועצה מקומית,2015,3,58.0
ירוחם,מועצה מקומית,2015,4,64.0
ירוחם,מועצה מקומית,2016,1,135.0
ירוחם,מועצה מקומית,2016,2,128.0
ירוחם,מועצה מקומית,2016,3,135.0
ירוחם,מועצה מקומית,2016,4,106.0
ירוחם,מועצה מקומית,2017,1,172.0
ירוחם,מועצה מקומית,2017,2,66.0
ירושלים,עירייה,2012,1,15193.0
ירושלים,עירייה,2012,2,11795.0
ירושלים,עירייה,2012,3,12741.0
ירושלים,עירייה,2012,4,14948.0
ירושלים,עירייה,2013,1,12967.0
ירושלים,עירייה,2013,2,12632.0
ירושלים,עירייה,2013,3,10083.0
ירושלים,עירייה,2013,4,12617.0
ירושלים,עירייה,2014,1,12585.0
ירושלים,עירייה,2014,2,9531.0
ירושלים,עירייה,2014,3,8654.0
ירושלים,עירייה,2014,4,10723.0
ירושלים,עירייה,2015,1,10566.0
ירושלים,עירייה,2015,2,10869.0
ירושלים,עירייה,2015,3,11396.0
ירושלים,עירייה,2015,4,12340.0
ירושלים,עירייה,2016,1,13330.0
ירושלים,עירייה,2016,2,8506.0
ירושלים,עירייה,2016,3,10732.0
ירושלים,עירייה,2016,4,9480.0
ירושלים,עירייה,2017,1,22495.0
ירושלים,עירייה,2017,2,8746.0
כפר ורדים,מועצה מקומית,2012,1,16.0
כפר ורדים,מועצה מקומית,2012,2,35.0
כפר ורדים,מועצה מקומית,2012,3,28.0
כפר ורדים,מועצה מקומית,2012,4,17.0
כפר ורדים,מועצה מקומית,2013,1,43.0
כפר ורדים,מועצה מקומית,2013,2,47.0
כפר ורדים,מועצה מקומית,2013,3,32.0
כפר ורדים,מועצה מקומית,2013,4,34.0
כפר ורדים,מועצה מקומית,2014,1,81.0
כפר ורדים,מועצה מקומית,2014,2,41.0
כפר ורדים,מועצה מקומית,2014,3,35.0
כפר ורדים,מועצה מקומית,2014,4,57.0
כפר ורדים,מועצה מקומית,2015,1,80.0
כפר ורדים,מועצה מקומית,2015,2,71.0
כפר ורדים,מועצה מקומית,2015,3,58.0
כפר ורדים,מועצה מקומית,2015,4,46.0
כפר ורדים,מועצה מקומית,2016,1,102.0
כפר ורדים,מועצה מקומית,2016,2,79.0
כפר ורדים,מועצה מקומית,2016,3,112.0
כפר ורדים,מועצה מקומית,2016,4,76.0
כפר ורדים,מועצה מקומית,2017,1,59.0
כפר ורדים,מועצה מקומית,2017,2,23.0
כפר יאסיף,מועצה מקומית,2012,1,22.0
כפר יאסיף,מועצה מקומית,2012,2,42.0
כפר יאסיף,מועצה מקומית,2012,3,60.0
כפר יאסיף,מועצה מקומית,2012,4,49.0
כפר יאסיף,מועצה מקומית,2013,1,219.0
כפר יאסיף,מועצה מקומית,2013,2,186.0
כפר יאסיף,מועצה מקומית,2013,3,93.0
כפר יאסיף,מועצה מקומית,2013,4,21.0
כפר יאסיף,מועצה מקומית,2014,1,169.0
כפר יאסיף,מועצה מקומית,2014,2,162.0
כפר יאסיף,מועצה מקומית,2014,3,51.0
כפר יאסיף,מועצה מקומית,2014,4,18.0
כפר יאסיף,מועצה מקומית,2015,1,90.0
כפר יאסיף,מועצה מקומית,2015,2,76.0
כפר יאסיף,מועצה מקומית,2015,3,70.0
כפר יאסיף,מועצה מקומית,2015,4,48.0
כפר יאסיף,מועצה מקומית,2016,1,114.0
כפר יאסיף,מועצה מקומית,2016,2,60.0
כפר יאסיף,מועצה מקומית,2016,3,99.0
כפר יאסיף,מועצה מקומית,2016,4,74.0
כפר יאסיף,מועצה מקומית,2017,1,108.0
כפר יאסיף,מועצה מקומית,2017,2,55.0
כפר יונה,עירייה,2012,1,32.0
כפר יונה,עירייה,2012,2,26.0
כפר יונה,עירייה,2012,3,41.0
כפר יונה,עירייה,2012,4,31.0
כפר יונה,עירייה,2013,1,111.0
כפר יונה,עירייה,2013,2,123.0
כפר יונה,עירייה,2013,3,97.0
כפר יונה,עירייה,2013,4,135.0
כפר יונה,עירייה,2014,1,78.0
כפר יונה,עירייה,2014,2,60.0
כפר יונה,עירייה,2014,3,53.0
כפר יונה,עירייה,2014,4,123.0
כפר יונה,עירייה,2015,1,107.0
כפר יונה,עירייה,2015,2,118.0
כפר יונה,עירייה,2015,3,58.0
כפר יונה,עירייה,2015,4,50.0
כפר יונה,עירייה,2016,1,77.0
כפר יונה,עירייה,2016,2,77.0
כפר יונה,עירייה,2016,3,99.0
כפר יונה,עירייה,2016,4,37.0
כפר יונה,עירייה,2017,1,75.0
כפר יונה,עירייה,2017,2,47.0
כפר כנא,מועצה מקומית,2012,1,12.0
כפר כנא,מועצה מקומית,2012,2,11.0
כפר כנא,מועצה מקומית,2012,3,206.0
כפר כנא,מועצה מקומית,2012,4,228.0
כפר כנא,מועצה מקומית,2013,1,349.0
כפר כנא,מועצה מקומית,2013,2,86.0
כפר כנא,מועצה מקומית,2013,3,192.0
כפר כנא,מועצה מקומית,2013,4,129.0
כפר כנא,מועצה מקומית,2014,1,286.0
כפר כנא,מועצה מקומית,2014,2,156.0
כפר כנא,מועצה מקומית,2014,3,136.0
כפר כנא,מועצה מקומית,2014,4,89.0
כפר כנא,מועצה מקומית,2015,1,259.0
כפר כנא,מועצה מקומית,2015,2,159.0
כפר כנא,מועצה מקומית,2015,3,102.0
כפר כנא,מועצה מקומית,2015,4,209.0
כפר כנא,מועצה מקומית,2016,1,260.0
כפר כנא,מועצה מקומית,2016,2,262.0
כפר כנא,מועצה מקומית,2016,3,98.0
כפר כנא,מועצה מקומית,2016,4,121.0
כפר כנא,מועצה מקומית,2017,1,335.0
כפר כנא,מועצה מקומית,2017,2,161.0
כפר סבא,עירייה,2012,1,959.0
כפר סבא,עירייה,2012,2,803.0
כפר סבא,עירייה,2012,3,861.0
כפר סבא,עירייה,2012,4,731.0
כפר סבא,עירייה,2013,1,838.0
כפר סבא,עירייה,2013,2,763.0
כפר סבא,עירייה,2013,3,1600.0
כפר סבא,עירייה,2013,4,2066.0
כפר סבא,עירייה,2014,1,1915.0
כפר סבא,עירייה,2014,2,2316.0
כפר סבא,עירייה,2014,3,1985.0
כפר סבא,עירייה,2014,4,1735.0
כפר סבא,עירייה,2015,1,1754.0
כפר סבא,עירייה,2015,2,3997.0
כפר סבא,עירייה,2015,3,2191.0
כפר סבא,עירייה,2015,4,1847.0
כפר סבא,עירייה,2016,1,2345.0
כפר סבא,עירייה,2016,2,2562.0
כפר סבא,עירייה,2016,3,2141.0
כפר סבא,עירייה,2016,4,1810.0
כפר סבא,עירייה,2017,1,2215.0
כפר סבא,עירייה,2017,2,1475.0
כפר קאסם,עירייה,2012,1,189.0
כפר קאסם,עירייה,2012,2,78.0
כפר קאסם,עירייה,2012,3,148.0
כפר קאסם,עירייה,2012,4,157.0
כפר קאסם,עירייה,2013,1,187.0
כפר קאסם,עירייה,2013,2,173.0
כפר קאסם,עירייה,2013,3,86.0
כפר קאסם,עירייה,2013,4,38.0
כפר קאסם,עירייה,2014,1,82.0
כפר קאסם,עירייה,2014,2,131.0
כפר קאסם,עירייה,2014,3,93.0
כפר קאסם,עירייה,2014,4,76.0
כפר קאסם,עירייה,2015,1,61.0
כפר קאסם,עירייה,2015,2,216.0
כפר קאסם,עירייה,2015,3,146.0
כפר קאסם,עירייה,2015,4,136.0
כפר קאסם,עירייה,2016,1,299.0
כפר קאסם,עירייה,2016,2,301.0
כפר קאסם,עירייה,2016,3,365.0
כפר קאסם,עירייה,2016,4,173.0
כפר קאסם,עירייה,2017,1,205.0
כפר קאסם,עירייה,2017,2,90.0
כפר קרע,מועצה מקומית,2012,1,166.0
כפר קרע,מועצה מקומית,2012,2,170.0
כפר קרע,מועצה מקומית,2012,3,182.0
כפר קרע,מועצה מקומית,2012,4,138.0
כפר קרע,מועצה מקומית,2013,1,169.0
כפר קרע,מועצה מקומית,2013,2,175.0
כפר קרע,מועצה מקומית,2013,3,343.0
כפר קרע,מועצה מקומית,2013,4,240.0
כפר קרע,מועצה מקומית,2014,1,338.0
כפר קרע,מועצה מקומית,2014,2,287.0
כפר קרע,מועצה מקומית,2014,3,177.0
כפר קרע,מועצה מקומית,2014,4,99.0
כפר קרע,מועצה מקומית,2015,1,217.0
כפר קרע,מועצה מקומית,2015,2,221.0
כפר קרע,מועצה מקומית,2015,3,145.0
כפר קרע,מועצה מקומית,2015,4,127.0
כפר קרע,מועצה מקומית,2016,1,298.0
כפר קרע,מועצה מקומית,2016,2,244.0
כפר קרע,מועצה מקומית,2016,3,179.0
כפר קרע,מועצה מקומית,2016,4,224.0
כפר קרע,מועצה מקומית,2017,1,202.0
כפר קרע,מועצה מקומית,2017,2,63.0
כרמיאל,עירייה,2012,1,1041.0
כרמיאל,עירייה,2012,2,1057.0
כרמיאל,עירייה,2012,3,1009.0
כרמיאל,עירייה,2012,4,800.0
כרמיאל,עירייה,2013,1,1241.0
כרמיאל,עירייה,2013,2,1133.0
כרמיאל,עירייה,2013,3,1047.0
כרמיאל,עירייה,2013,4,997.0
כרמיאל,עירייה,2014,1,1749.0
כרמיאל,עירייה,2014,2,1358.0
כרמיאל,עירייה,2014,3,1299.0
כרמיאל,עירייה,2014,4,1523.0
כרמיאל,עירייה,2015,1,1836.0
כרמיאל,עירייה,2015,2,1365.0
כרמיאל,עירייה,2015,3,1554.0
כרמיאל,עירייה,2015,4,1466.0
כרמיאל,עירייה,2016,1,1738.0
כרמיאל,עירייה,2016,2,1680.0
כרמיאל,עירייה,2016,3,1953.0
כרמיאל,עירייה,2016,4,850.0
כרמיאל,עירייה,2017,1,1752.0
כרמיאל,עירייה,2017,2,765.0
לוד,עירייה,2012,1,1574.0
לוד,עירייה,2012,2,1474.0
לוד,עירייה,2012,3,1184.0
לוד,עירייה,2012,4,1308.0
לוד,עירייה,2013,1,1790.0
לוד,עירייה,2013,2,848.0
לוד,עירייה,2013,3,874.0
לוד,עירייה,2013,4,603.0
לוד,עירייה,2014,1,989.0
לוד,עירייה,2014,2,1155.0
לוד,עירייה,2014,3,784.0
לוד,עירייה,2014,4,911.0
לוד,עירייה,2015,1,1085.0
לוד,עירייה,2015,2,1308.0
לוד,עירייה,2015,3,1234.0
לוד,עירייה,2015,4,1041.0
לוד,עירייה,2016,1,2728.0
לוד,עירייה,2016,2,1326.0
לוד,עירייה,2016,3,1922.0
לוד,עירייה,2016,4,2304.0
לוד,עירייה,2017,1,2170.0
לוד,עירייה,2017,2,1165.0
מבשרת ציון,מועצה מקומית,2012,1,332.0
מבשרת ציון,מועצה מקומית,2012,2,229.0
מבשרת ציון,מועצה מקומית,2012,3,204.0
מבשרת ציון,מועצה מקומית,2012,4,174.0
מבשרת ציון,מועצה מקומית,2013,1,105.0
מבשרת ציון,מועצה מקומית,2013,2,180.0
מבשרת ציון,מועצה מקומית,2013,3,223.0
מבשרת ציון,מועצה מקומית,2013,4,130.0
מבשרת ציון,מועצה מקומית,2014,1,200.0
מבשרת ציון,מועצה מקומית,2014,2,193.0
מבשרת ציון,מועצה מקומית,2014,3,178.0
מבשרת ציון,מועצה מקומית,2014,4,156.0
מבשרת ציון,מועצה מקומית,2015,1,170.0
מבשרת ציון,מועצה מקומית,2015,2,91.0
מבשרת ציון,מועצה מקומית,2015,3,160.0
מבשרת ציון,מועצה מקומית,2015,4,115.0
מבשרת ציון,מועצה מקומית,2016,1,105.0
מבשרת ציון,מועצה מקומית,2016,2,116.0
מבשרת ציון,מועצה מקומית,2016,3,105.0
מבשרת ציון,מועצה מקומית,2016,4,94.0
מבשרת ציון,מועצה מקומית,2017,1,114.0
מבשרת ציון,מועצה מקומית,2017,2,39.0
מג'ד אל כרום,מועצה מקומית,2012,1,48.0
מג'ד אל כרום,מועצה מקומית,2012,2,54.0
מג'ד אל כרום,מועצה מקומית,2012,3,31.0
מג'ד אל כרום,מועצה מקומית,2012,4,31.0
מג'ד אל כרום,מועצה מקומית,2013,1,54.0
מג'ד אל כרום,מועצה מקומית,2013,2,36.0
מג'ד אל כרום,מועצה מקומית,2013,3,20.0
מג'ד אל כרום,מועצה מקומית,2013,4,20.0
מג'ד אל כרום,מועצה מקומית,2014,1,106.0
מג'ד אל כרום,מועצה מקומית,2014,2,87.0
מג'ד אל כרום,מועצה מקומית,2014,3,44.0
מג'ד אל כרום,מועצה מקומית,2014,4,104.0
מג'ד אל כרום,מועצה מקומית,2015,1,101.0
מג'ד אל כרום,מועצה מקומית,2015,2,118.0
מג'ד אל כרום,מועצה מקומית,2015,3,119.0
מג'ד אל כרום,מועצה מקומית,2015,4,82.0
מג'ד אל כרום,מועצה מקומית,2016,1,184.0
מג'ד אל כרום,מועצה מקומית,2016,2,114.0
מג'ד אל כרום,מועצה מקומית,2016,3,198.0
מג'ד אל כרום,מועצה מקומית,2016,4,129.0
מג'ד אל כרום,מועצה מקומית,2017,1,255.0
מג'ד אל כרום,מועצה מקומית,2017,2,145.0
מג'דל שמס,מועצה מקומית,2012,1,80.0
מג'דל שמס,מועצה מקומית,2012,2,28.0
מג'דל שמס,מועצה מקומית,2012,3,41.0
מג'דל שמס,מועצה מקומית,2012,4,36.0
מג'דל שמס,מועצה מקומית,2013,1,37.0
מג'דל שמס,מועצה מקומית,2013,2,67.0
מג'דל שמס,מועצה מקומית,2013,3,20.0
מג'דל שמס,מועצה מקומית,2013,4,46.0
מג'דל שמס,מועצה מקומית,2014,1,107.0
מג'דל שמס,מועצה מקומית,2014,2,61.0
מג'דל שמס,מועצה מקומית,2014,3,58.0
מג'דל שמס,מועצה מקומית,2014,4,46.0
מג'דל שמס,מועצה מקומית,2015,1,83.0
מג'דל שמס,מועצה מקומית,2015,2,113.0
מג'דל שמס,מועצה מקומית,2015,3,156.0
מג'דל שמס,מועצה מקומית,2015,4,93.0
מג'דל שמס,מועצה מקומית,2016,1,144.0
מג'דל שמס,מועצה מקומית,2016,2,116.0
מג'דל שמס,מועצה מקומית,2016,3,186.0
מג'דל שמס,מועצה מקומית,2016,4,98.0
מג'דל שמס,מועצה מקומית,2017,1,94.0
מג'דל שמס,מועצה מקומית,2017,2,23.0
מגדל העמק,עירייה,2012,1,262.0
מגדל העמק,עירייה,2012,2,301.0
מגדל העמק,עירייה,2012,3,202.0
מגדל העמק,עירייה,2012,4,318.0
מגדל העמק,עירייה,2013,1,321.0
מגדל העמק,עירייה,2013,2,270.0
מגדל העמק,עירייה,2013,3,236.0
מגדל העמק,עירייה,2013,4,202.0
מגדל העמק,עירייה,2014,1,323.0
מגדל העמק,עירייה,2014,2,298.0
מגדל העמק,עירייה,2014,3,361.0
מגדל העמק,עירייה,2014,4,460.0
מגדל העמק,עירייה,2015,1,675.0
מגדל העמק,עירייה,2015,2,421.0
מגדל העמק,עירייה,2015,3,242.0
מגדל העמק,עירייה,2015,4,238.0
מגדל העמק,עירייה,2016,1,524.0
מגדל העמק,עירייה,2016,2,454.0
מגדל העמק,עירייה,2016,3,434.0
מגדל העמק,עירייה,2016,4,253.0
מגדל העמק,עירייה,2017,1,626.0
מגדל העמק,עירייה,2017,2,147.0
מודיעין מכבים רעות,עירייה,2012,1,997.0
מודיעין מכבים רעות,עירייה,2012,2,781.0
מודיעין מכבים רעות,עירייה,2012,3,1016.0
מודיעין מכבים רעות,עירייה,2012,4,1633.0
מודיעין מכבים רעות,עירייה,2013,1,1111.0
מודיעין מכבים רעות,עירייה,2013,2,1061.0
מודיעין מכבים רעות,עירייה,2013,3,786.0
מודיעין מכבים רעות,עירייה,2013,4,977.0
מודיעין מכבים רעות,עירייה,2014,1,1356.0
מודיעין מכבים רעות,עירייה,2014,2,915.0
מודיעין מכבים רעות,עירייה,2014,3,658.0
מודיעין מכבים רעות,עירייה,2014,4,517.0
מודיעין מכבים רעות,עירייה,2015,1,1261.0
מודיעין מכבים רעות,עירייה,2015,2,1103.0
מודיעין מכבים רעות,עירייה,2015,3,847.0
מודיעין מכבים רעות,עירייה,2015,4,1154.0
מודיעין מכבים רעות,עירייה,2016,1,1252.0
מודיעין מכבים רעות,עירייה,2016,2,1142.0
מודיעין מכבים רעות,עירייה,2016,3,1055.0
מודיעין מכבים רעות,עירייה,2016,4,779.0
מודיעין מכבים רעות,עירייה,2017,1,1339.0
מודיעין מכבים רעות,עירייה,2017,2,656.0
מודיעין עילית,עירייה,2012,1,83.0
מודיעין עילית,עירייה,2012,2,54.0
מודיעין עילית,עירייה,2012,3,101.0
מודיעין עילית,עירייה,2012,4,58.0
מודיעין עילית,עירייה,2013,1,83.0
מודיעין עילית,עירייה,2013,2,115.0
מודיעין עילית,עירייה,2013,3,63.0
מודיעין עילית,עירייה,2013,4,119.0
מודיעין עילית,עירייה,2014,1,129.0
מודיעין עילית,עירייה,2014,2,92.0
מודיעין עילית,עירייה,2014,3,85.0
מודיעין עילית,עירייה,2014,4,30.0
מודיעין עילית,עירייה,2015,1,80.0
מודיעין עילית,עירייה,2015,2,168.0
מודיעין עילית,עירייה,2015,3,121.0
מודיעין עילית,עירייה,2015,4,54.0
מודיעין עילית,עירייה,2016,1,336.0
מודיעין עילית,עירייה,2016,2,236.0
מודיעין עילית,עירייה,2016,3,349.0
מודיעין עילית,עירייה,2016,4,213.0
מודיעין עילית,עירייה,2017,1,505.0
מודיעין עילית,עירייה,2017,2,163.0
מסעדה,מועצה מקומית,2012,1,49.0
מסעדה,מועצה מקומית,2012,2,35.0
מסעדה,מועצה מקומית,2012,3,55.0
מסעדה,מועצה מקומית,2012,4,49.0
מסעדה,מועצה מקומית,2013,1,91.0
מסעדה,מועצה מקומית,2013,2,83.0
מסעדה,מועצה מקומית,2013,3,55.0
מסעדה,מועצה מקומית,2013,4,24.0
מסעדה,מועצה מקומית,2014,1,81.0
מסעדה,מועצה מקומית,2014,2,81.0
מסעדה,מועצה מקומית,2014,3,58.0
מסעדה,מועצה מקומית,2014,4,45.0
מסעדה,מועצה מקומית,2015,1,67.0
מסעדה,מועצה מקומית,2015,2,40.0
מסעדה,מועצה מקומית,2015,3,46.0
מסעדה,מועצה מקומית,2015,4,57.0
מסעדה,מועצה מקומית,2016,1,44.0
מסעדה,מועצה מקומית,2016,2,54.0
מסעדה,מועצה מקומית,2016,3,97.0
מסעדה,מועצה מקומית,2016,4,62.0
מסעדה,מועצה מקומית,2017,1,115.0
מסעדה,מועצה מקומית,2017,2,23.0
מעלה אדומים,עירייה,2012,1,373.0
מעלה אדומים,עירייה,2012,2,300.0
מעלה אדומים,עירייה,2012,3,234.0
מעלה אדומים,עירייה,2012,4,215.0
מעלה אדומים,עירייה,2013,1,215.0
מעלה אדומים,עירייה,2013,2,365.0
מעלה אדומים,עירייה,2013,3,296.0
מעלה אדומים,עירייה,2013,4,395.0
מעלה אדומים,עירייה,2014,1,344.0
מעלה אדומים,עירייה,2014,2,154.0
מעלה אדומים,עירייה,2014,3,136.0
מעלה אדומים,עירייה,2014,4,288.0
מעלה אדומים,עירייה,2015,1,307.0
מעלה אדומים,עירייה,2015,2,283.0
מעלה אדומים,עירייה,2015,3,337.0
מעלה אדומים,עירייה,2015,4,247.0
מעלה אדומים,עירייה,2016,1,489.0
מעלה אדומים,עירייה,2016,2,859.0
מעלה אדומים,עירייה,2016,3,745.0
מעלה אדומים,עירייה,2016,4,540.0
מעלה אדומים,עירייה,2017,1,328.0
מעלה אדומים,עירייה,2017,2,156.0
מעלות תרשיחא,עירייה,2012,1,97.0
מעלות תרשיחא,עירייה,2012,2,122.0
מעלות תרשיחא,עירייה,2012,3,101.0
מעלות תרשיחא,עירייה,2012,4,80.0
מעלות תרשיחא,עירייה,2013,1,249.0
מעלות תרשיחא,עירייה,2013,2,297.0
מעלות תרשיחא,עירייה,2013,3,275.0
מעלות תרשיחא,עירייה,2013,4,166.0
מעלות תרשיחא,עירייה,2014,1,509.0
מעלות תרשיחא,עירייה,2014,2,219.0
מעלות תרשיחא,עירייה,2014,3,407.0
מעלות תרשיחא,עירייה,2014,4,107.0
מעלות תרשיחא,עירייה,2015,1,434.0
מעלות תרשיחא,עירייה,2015,2,382.0
מעלות תרשיחא,עירייה,2015,3,321.0
מעלות תרשיחא,עירייה,2015,4,159.0
מעלות תרשיחא,עירייה,2016,1,452.0
מעלות תרשיחא,עירייה,2016,2,317.0
מעלות תרשיחא,עירייה,2016,3,168.0
מעלות תרשיחא,עירייה,2016,4,117.0
מעלות תרשיחא,עירייה,2017,1,479.0
מעלות תרשיחא,עירייה,2017,2,175.0
נהריה,עירייה,2012,1,1777.0
נהריה,עירייה,2012,2,1394.0
נהריה,עירייה,2012,3,1276.0
נהריה,עירייה,2012,4,1254.0
נהריה,עירייה,2013,1,1604.0
נהריה,עירייה,2013,2,1563.0
נהריה,עירייה,2013,3,1741.0
נהריה,עירייה,2013,4,1234.0
נהריה,עירייה,2014,1,1463.0
נהריה,עירייה,2014,2,938.0
נהריה,עירייה,2014,3,742.0
נהריה,עירייה,2014,4,812.0
נהריה,עירייה,2015,1,1308.0
נהריה,עירייה,2015,2,1040.0
נהריה,עירייה,2015,3,760.0
נהריה,עירייה,2015,4,621.0
נהריה,עירייה,2016,1,1344.0
נהריה,עירייה,2016,2,1082.0
נהריה,עירייה,2016,3,1501.0
נהריה,עירייה,2016,4,1162.0
נהריה,עירייה,2017,1,1218.0
נהריה,עירייה,2017,2,577.0
נחף,מועצה מקומית,2012,1,43.0
נחף,מועצה מקומית,2012,2,47.0
נחף,מועצה מקומית,2012,3,49.0
נחף,מועצה מקומית,2012,4,22.0
נחף,מועצה מקומית,2013,1,87.0
נחף,מועצה מקומית,2013,2,40.0
נחף,מועצה מקומית,2013,3,64.0
נחף,מועצה מקומית,2013,4,45.0
נחף,מועצה מקומית,2014,1,92.0
נחף,מועצה מקומית,2014,2,64.0
נחף,מועצה מקומית,2014,3,44.0
נחף,מועצה מקומית,2014,4,67.0
נחף,מועצה מקומית,2015,1,122.0
נחף,מועצה מקומית,2015,2,48.0
נחף,מועצה מקומית,2015,3,54.0
נחף,מועצה מקומית,2015,4,71.0
נחף,מועצה מקומית,2016,1,229.0
נחף,מועצה מקומית,2016,2,94.0
נחף,מועצה מקומית,2016,3,125.0
נחף,מועצה מקומית,2016,4,98.0
נחף,מועצה מקומית,2017,1,250.0
נחף,מועצה מקומית,2017,2,121.0
נס ציונה,עירייה,2012,1,478.0
נס ציונה,עירייה,2012,2,489.0
נס ציונה,עירייה,2012,3,388.0
נס ציונה,עירייה,2012,4,321.0
נס ציונה,עירייה,2013,1,198.0
נס ציונה,עירייה,2013,2,351.0
נס ציונה,עירייה,2013,3,290.0
נס ציונה,עירייה,2013,4,296.0
נס ציונה,עירייה,2014,1,322.0
נס ציונה,עירייה,2014,2,269.0
נס ציונה,עירייה,2014,3,234.0
נס ציונה,עירייה,2014,4,316.0
נס ציונה,עירייה,2015,1,278.0
נס ציונה,עירייה,2015,2,321.0
נס ציונה,עירייה,2015,3,264.0
נס ציונה,עירייה,2015,4,278.0
נס ציונה,עירייה,2016,1,290.0
נס ציונה,עירייה,2016,2,263.0
נס ציונה,עירייה,2016,3,329.0
נס ציונה,עירייה,2016,4,227.0
נס ציונה,עירייה,2017,1,233.0
נס ציונה,עירייה,2017,2,131.0
נצרת,עירייה,2012,1,2164.0
נצרת,עירייה,2012,2,1362.0
נצרת,עירייה,2012,3,995.0
נצרת,עירייה,2012,4,815.0
נצרת,עירייה,2013,1,1737.0
נצרת,עירייה,2013,2,1471.0
נצרת,עירייה,2013,3,873.0
נצרת,עירייה,2013,4,718.0
נצרת,עירייה,2014,1,2101.0
נצרת,עירייה,2014,2,1850.0
נצרת,עירייה,2014,3,1178.0
נצרת,עירייה,2014,4,1798.0
נצרת,עירייה,2015,1,2478.0
נצרת,עירייה,2015,2,2193.0
נצרת,עירייה,2015,3,3592.0
נצרת,עירייה,2015,4,2924.0
נצרת,עירייה,2016,1,2995.0
נצרת,עירייה,2016,2,1396.0
נצרת,עירייה,2016,3,1630.0
נצרת,עירייה,2016,4,1485.0
נצרת,עירייה,2017,1,5694.0
נצרת,עירייה,2017,2,1673.0
נצרת עילית,עירייה,2012,1,434.0
נצרת עילית,עירייה,2012,2,275.0
נצרת עילית,עירייה,2012,3,259.0
נצרת עילית,עירייה,2012,4,327.0
נצרת עילית,עירייה,2013,1,566.0
נצרת עילית,עירייה,2013,2,579.0
נצרת עילית,עירייה,2013,3,604.0
נצרת עילית,עירייה,2013,4,363.0
נצרת עילית,עירייה,2014,1,1334.0
נצרת עילית,עירייה,2014,2,915.0
נצרת עילית,עירייה,2014,3,943.0
נצרת עילית,עירייה,2014,4,526.0
נצרת עילית,עירייה,2015,1,711.0
נצרת עילית,עירייה,2015,2,776.0
נצרת עילית,עירייה,2015,3,735.0
נצרת עילית,עירייה,2015,4,407.0
נצרת עילית,עירייה,2016,1,719.0
נצרת עילית,עירייה,2016,2,731.0
נצרת עילית,עירייה,2016,3,709.0
נצרת עילית,עירייה,2016,4,408.0
נצרת עילית,עירייה,2017,1,950.0
נצרת עילית,עירייה,2017,2,292.0
נשר,עירייה,2012,1,234.0
נשר,עירייה,2012,2,106.0
נשר,עירייה,2012,3,138.0
נשר,עירייה,2012,4,139.0
נשר,עירייה,2013,1,214.0
נשר,עירייה,2013,2,160.0
נשר,עירייה,2013,3,96.0
נשר,עירייה,2013,4,166.0
נשר,עירייה,2014,1,189.0
נשר,עירייה,2014,2,88.0
נשר,עירייה,2014,3,61.0
נשר,עירייה,2014,4,56.0
נשר,עירייה,2015,1,126.0
נשר,עירייה,2015,2,109.0
נשר,עירייה,2015,3,163.0
נשר,עירייה,2015,4,206.0
נשר,עירייה,2016,1,190.0
נשר,עירייה,2016,2,190.0
נשר,עירייה,2016,3,146.0
נשר,עירייה,2016,4,127.0
נשר,עירייה,2017,1,150.0
נשר,עירייה,2017,2,52.0
נתיבות,עירייה,2012,1,164.0
נתיבות,עירייה,2012,2,155.0
נתיבות,עירייה,2012,3,299.0
נתיבות,עירייה,2012,4,220.0
נתיבות,עירייה,2013,1,351.0
נתיבות,עירייה,2013,2,377.0
נתיבות,עירייה,2013,3,434.0
נתיבות,עירייה,2013,4,303.0
נתיבות,עירייה,2014,1,299.0
נתיבות,עירייה,2014,2,320.0
נתיבות,עירייה,2014,3,139.0
נתיבות,עירייה,2014,4,317.0
נתיבות,עירייה,2015,1,402.0
נתיבות,עירייה,2015,2,401.0
נתיבות,עירייה,2015,3,385.0
נתיבות,עירייה,2015,4,218.0
נתיבות,עירייה,2016,1,356.0
נתיבות,עירייה,2016,2,413.0
נתיבות,עירייה,2016,3,574.0
נתיבות,עירייה,2016,4,606.0
נתיבות,עירייה,2017,1,662.0
נתיבות,עירייה,2017,2,327.0
נתניה,עירייה,2012,1,1802.0
נתניה,עירייה,2012,2,1671.0
נתניה,עירייה,2012,3,1526.0
נתניה,עירייה,2012,4,1625.0
נתניה,עירייה,2013,1,1781.0
נתניה,עירייה,2013,2,1367.0
נתניה,עירייה,2013,3,1807.0
נתניה,עירייה,2013,4,1732.0
נתניה,עירייה,2014,1,1616.0
נתניה,עירייה,2014,2,1597.0
נתניה,עירייה,2014,3,812.0
נתניה,עירייה,2014,4,1504.0
נתניה,עירייה,2015,1,1623.0
נתניה,עירייה,2015,2,1645.0
נתניה,עירייה,2015,3,1643.0
נתניה,עירייה,2015,4,1942.0
נתניה,עירייה,2016,1,2292.0
נתניה,עירייה,2016,2,1563.0
נתניה,עירייה,2016,3,1859.0
נתניה,עירייה,2016,4,2364.0
נתניה,עירייה,2017,1,2337.0
נתניה,עירייה,2017,2,1299.0
עכו,עירייה,2012,1,1483.0
עכו,עירייה,2012,2,806.0
עכו,עירייה,2012,3,973.0
עכו,עירייה,2012,4,536.0
עכו,עירייה,2013,1,2067.0
עכו,עירייה,2013,2,2122.0
עכו,עירייה,2013,3,1490.0
עכו,עירייה,2013,4,1366.0
עכו,עירייה,2014,1,1819.0
עכו,עירייה,2014,2,1482.0
עכו,עירייה,2014,3,1563.0
עכו,עירייה,2014,4,748.0
עכו,עירייה,2015,1,1420.0
עכו,עירייה,2015,2,1151.0
עכו,עירייה,2015,3,1905.0
עכו,עירייה,2015,4,1572.0
עכו,עירייה,2016,1,2358.0
עכו,עירייה,2016,2,1548.0
עכו,עירייה,2016,3,1783.0
עכו,עירייה,2016,4,1871.0
עכו,עירייה,2017,1,2694.0
עכו,עירייה,2017,2,1347.0
עפולה,עירייה,2012,1,702.0
עפולה,עירייה,2012,2,576.0
עפולה,עירייה,2012,3,497.0
עפולה,עירייה,2012,4,246.0
עפולה,עירייה,2013,1,448.0
עפולה,עירייה,2013,2,598.0
עפולה,עירייה,2013,3,500.0
עפולה,עירייה,2013,4,513.0
עפולה,עירייה,2014,1,655.0
עפולה,עירייה,2014,2,423.0
עפולה,עירייה,2014,3,547.0
עפולה,עירייה,2014,4,703.0
עפולה,עירייה,2015,1,1152.0
עפולה,עירייה,2015,2,827.0
עפולה,עירייה,2015,3,812.0
עפולה,עירייה,2015,4,462.0
עפולה,עירייה,2016,1,756.0
עפולה,עירייה,2016,2,677.0
עפולה,עירייה,2016,3,735.0
עפולה,עירייה,2016,4,466.0
עפולה,עירייה,2017,1,1007.0
עפולה,עירייה,2017,2,541.0
ערד,עירייה,2012,1,180.0
ערד,עירייה,2012,2,199.0
ערד,עירייה,2012,3,207.0
ערד,עירייה,2012,4,238.0
ערד,עירייה,2013,1,332.0
ערד,עירייה,2013,2,318.0
ערד,עירייה,2013,3,189.0
ערד,עירייה,2013,4,207.0
ערד,עירייה,2014,1,357.0
ערד,עירייה,2014,2,428.0
ערד,עירייה,2014,3,579.0
ערד,עירייה,2014,4,341.0
ערד,עירייה,2015,1,416.0
ערד,עירייה,2015,2,397.0
ערד,עירייה,2015,3,436.0
ערד,עירייה,2015,4,202.0
ערד,עירייה,2016,1,340.0
ערד,עירייה,2016,2,472.0
ערד,עירייה,2016,3,466.0
ערד,עירייה,2016,4,246.0
ערד,עירייה,2017,1,472.0
ערד,עירייה,2017,2,243.0
ערערה,מועצה מקומית,2012,1,85.0
ערערה,מועצה מקומית,2012,2,77.0
ערערה,מועצה מקומית,2012,3,42.0
ערערה,מועצה מקומית,2012,4,38.0
ערערה,מועצה מקומית,2013,1,50.0
ערערה,מועצה מקומית,2013,2,53.0
ערערה,מועצה מקומית,2013,3,90.0
ערערה,מועצה מקומית,2013,4,170.0
ערערה,מועצה מקומית,2014,1,210.0
ערערה,מועצה מקומית,2014,2,120.0
ערערה,מועצה מקומית,2014,3,149.0
ערערה,מועצה מקומית,2014,4,98.0
ערערה,מועצה מקומית,2015,1,234.0
ערערה,מועצה מקומית,2015,2,158.0
ערערה,מועצה מקומית,2015,3,176.0
ערערה,מועצה מקומית,2015,4,109.0
ערערה,מועצה מקומית,2016,1,196.0
ערערה,מועצה מקומית,2016,2,119.0
ערערה,מועצה מקומית,2016,3,114.0
ערערה,מועצה מקומית,2016,4,141.0
ערערה,מועצה מקומית,2017,1,226.0
ערערה,מועצה מקומית,2017,2,83.0
עתלית,מועצה אזורית חוף הכרמל,2012,1,59.0
עתלית,מועצה אזורית חוף הכרמל,2012,2,52.0
עתלית,מועצה אזורית חוף הכרמל,2012,3,130.0
עתלית,מועצה אזורית חוף הכרמל,2012,4,66.0
עתלית,מועצה אזורית חוף הכרמל,2013,1,123.0
עתלית,מועצה אזורית חוף הכרמל,2013,2,111.0
עתלית,מועצה אזורית חוף הכרמל,2013,3,53.0
עתלית,מועצה אזורית חוף הכרמל,2013,4,90.0
עתלית,מועצה אזורית חוף הכרמל,2014,1,107.0
עתלית,מועצה אזורית חוף הכרמל,2014,2,119.0
עתלית,מועצה אזורית חוף הכרמל,2014,3,133.0
עתלית,מועצה אזורית חוף הכרמל,2014,4,101.0
עתלית,מועצה אזורית חוף הכרמל,2015,1,152.0
עתלית,מועצה אזורית חוף הכרמל,2015,2,121.0
עתלית,מועצה אזורית חוף הכרמל,2015,3,133.0
עתלית,מועצה אזורית חוף הכרמל,2015,4,117.0
עתלית,מועצה אזורית חוף הכרמל,2016,1,35.0
עתלית,מועצה אזורית חוף הכרמל,2016,2,48.0
עתלית,מועצה אזורית חוף הכרמל,2016,3,49.0
עתלית,מועצה אזורית חוף הכרמל,2016,4,40.0
עתלית,מועצה אזורית חוף הכרמל,2017,1,54.0
עתלית,מועצה אזורית חוף הכרמל,2017,2,16.0
פרדס חנה כרכור,מועצה מקומית,2012,1,260.0
פרדס חנה כרכור,מועצה מקומית,2012,2,242.0
פרדס חנה כרכור,מועצה מקומית,2012,3,354.0
פרדס חנה כרכור,מועצה מקומית,2012,4,448.0
פרדס חנה כרכור,מועצה מקומית,2013,1,277.0
פרדס חנה כרכור,מועצה מקומית,2013,2,552.0
פרדס חנה כרכור,מועצה מקומית,2013,3,418.0
פרדס חנה כרכור,מועצה מקומית,2013,4,653.0
פרדס חנה כרכור,מועצה מקומית,2014,1,556.0
פרדס חנה כרכור,מועצה מקומית,2014,2,490.0
פרדס חנה כרכור,מועצה מקומית,2014,3,684.0
פרדס חנה כרכור,מועצה מקומית,2014,4,485.0
פרדס חנה כרכור,מועצה מקומית,2015,1,655.0
פרדס חנה כרכור,מועצה מקומית,2015,2,650.0
פרדס חנה כרכור,מועצה מקומית,2015,3,558.0
פרדס חנה כרכור,מועצה מקומית,2015,4,452.0
פרדס חנה כרכור,מועצה מקומית,2016,1,599.0
פרדס חנה כרכור,מועצה מקומית,2016,2,378.0
פרדס חנה כרכור,מועצה מקומית,2016,3,169.0
פרדס חנה כרכור,מועצה מקומית,2016,4,291.0
פרדס חנה כרכור,מועצה מקומית,2017,1,332.0
פרדס חנה כרכור,מועצה מקומית,2017,2,160.0
פתח תקווה,עירייה,2012,1,1847.0
פתח תקווה,עירייה,2012,2,1336.0
פתח תקווה,עירייה,2012,3,1598.0
פתח תקווה,עירייה,2012,4,1725.0
פתח תקווה,עירייה,2013,1,1878.0
פתח תקווה,עירייה,2013,2,3748.0
פתח תקווה,עירייה,2013,3,1993.0
פתח תקווה,עירייה,2013,4,1713.0
פתח תקווה,עירייה,2014,1,2292.0
פתח תקווה,עירייה,2014,2,1286.0
פתח תקווה,עירייה,2014,3,1334.0
פתח תקווה,עירייה,2014,4,1752.0
פתח תקווה,עירייה,2015,1,1523.0
פתח תקווה,עירייה,2015,2,2166.0
פתח תקווה,עירייה,2015,3,1489.0
פתח תקווה,עירייה,2015,4,1750.0
פתח תקווה,עירייה,2016,1,3064.0
פתח תקווה,עירייה,2016,2,1942.0
פתח תקווה,עירייה,2016,3,2124.0
פתח תקווה,עירייה,2016,4,2832.0
פתח תקווה,עירייה,2017,1,4341.0
פתח תקווה,עירייה,2017,2,1646.0
צפת,עירייה,2012,1,402.0
צפת,עירייה,2012,2,311.0
צפת,עירייה,2012,3,285.0
צפת,עירייה,2012,4,148.0
צפת,עירייה,2013,1,461.0
צפת,עירייה,2013,2,267.0
צפת,עירייה,2013,3,187.0
צפת,עירייה,2013,4,194.0
צפת,עירייה,2014,1,583.0
צפת,עירייה,2014,2,192.0
צפת,עירייה,2014,3,138.0
צפת,עירייה,2014,4,162.0
צפת,עירייה,2015,1,907.0
צפת,עירייה,2015,2,704.0
צפת,עירייה,2015,3,515.0
צפת,עירייה,2015,4,401.0
צפת,עירייה,2016,1,1035.0
צפת,עירייה,2016,2,960.0
צפת,עירייה,2016,3,918.0
צפת,עירייה,2016,4,895.0
צפת,עירייה,2017,1,1014.0
צפת,עירייה,2017,2,370.0
קיסריה,מועצה אזורית חוף הכרמל,2012,1,19.0
קיסריה,מועצה אזורית חוף הכרמל,2012,2,53.0
קיסריה,מועצה אזורית חוף הכרמל,2012,3,47.0
קיסריה,מועצה אזורית חוף הכרמל,2012,4,24.0
קיסריה,מועצה אזורית חוף הכרמל,2013,1,24.0
קיסריה,מועצה אזורית חוף הכרמל,2013,2,52.0
קיסריה,מועצה אזורית חוף הכרמל,2013,3,49.0
קיסריה,מועצה אזורית חוף הכרמל,2013,4,28.0
קיסריה,מועצה אזורית חוף הכרמל,2014,1,86.0
קיסריה,מועצה אזורית חוף הכרמל,2014,2,102.0
קיסריה,מועצה אזורית חוף הכרמל,2014,3,133.0
קיסריה,מועצה אזורית חוף הכרמל,2014,4,48.0
קיסריה,מועצה אזורית חוף הכרמל,2015,1,44.0
קיסריה,מועצה אזורית חוף הכרמל,2015,2,90.0
קיסריה,מועצה אזורית חוף הכרמל,2015,3,110.0
קיסריה,מועצה אזורית חוף הכרמל,2015,4,48.0
קיסריה,מועצה אזורית חוף הכרמל,2016,1,41.0
קיסריה,מועצה אזורית חוף הכרמל,2016,2,108.0
קיסריה,מועצה אזורית חוף הכרמל,2016,3,92.0
קיסריה,מועצה אזורית חוף הכרמל,2016,4,11.0
קיסריה,מועצה אזורית חוף הכרמל,2017,1,27.0
קיסריה,מועצה אזורית חוף הכרמל,2017,2,73.0
קלנסווה,עירייה,2012,1,42.0
קלנסווה,עירייה,2012,2,21.0
קלנסווה,עירייה,2012,3,14.0
קלנסווה,עירייה,2012,4,17.0
קלנסווה,עירייה,2013,1,10.0
קלנסווה,עירייה,2013,2,56.0
קלנסווה,עירייה,2013,3,39.0
קלנסווה,עירייה,2013,4,39.0
קלנסווה,עירייה,2014,1,72.0
קלנסווה,עירייה,2014,2,18.0
קלנסווה,עירייה,2014,3,47.0
קלנסווה,עירייה,2014,4,39.0
קלנסווה,עירייה,2015,1,84.0
קלנסווה,עירייה,2015,2,134.0
קלנסווה,עירייה,2015,3,233.0
קלנסווה,עירייה,2015,4,53.0
קלנסווה,עירייה,2016,1,122.0
קלנסווה,עירייה,2016,2,46.0
קלנסווה,עירייה,2016,3,52.0
קלנסווה,עירייה,2016,4,70.0
קלנסווה,עירייה,2017,1,86.0
קלנסווה,עירייה,2017,2,47.0
קצרין,מועצה מקומית,2012,1,135.0
קצרין,מועצה מקומית,2012,2,83.0
קצרין,מועצה מקומית,2012,3,106.0
קצרין,מועצה מקומית,2012,4,113.0
קצרין,מועצה מקומית,2013,1,186.0
קצרין,מועצה מקומית,2013,2,143.0
קצרין,מועצה מקומית,2013,3,153.0
קצרין,מועצה מקומית,2013,4,116.0
קצרין,מועצה מקומית,2014,1,140.0
קצרין,מועצה מקומית,2014,2,79.0
קצרין,מועצה מקומית,2014,3,50.0
קצרין,מועצה מקומית,2014,4,79.0
קצרין,מועצה מקומית,2015,1,101.0
קצרין,מועצה מקומית,2015,2,85.0
קצרין,מועצה מקומית,2015,3,68.0
קצרין,מועצה מקומית,2015,4,31.0
קצרין,מועצה מקומית,2016,1,81.0
קצרין,מועצה מקומית,2016,2,60.0
קצרין,מועצה מקומית,2016,3,39.0
קצרין,מועצה מקומית,2016,4,35.0
קצרין,מועצה מקומית,2017,1,211.0
קצרין,מועצה מקומית,2017,2,73.0
קרית אונו,עירייה,2012,1,580.0
קרית אונו,עירייה,2012,2,402.0
קרית אונו,עירייה,2012,3,434.0
קרית אונו,עירייה,2012,4,500.0
קרית אונו,עירייה,2013,1,495.0
קרית אונו,עירייה,2013,2,478.0
קרית אונו,עירייה,2013,3,437.0
קרית אונו,עירייה,2013,4,845.0
קרית אונו,עירייה,2014,1,450.0
קרית אונו,עירייה,2014,2,276.0
קרית אונו,עירייה,2014,3,464.0
קרית אונו,עירייה,2014,4,545.0
קרית אונו,עירייה,2015,1,531.0
קרית אונו,עירייה,2015,2,553.0
קרית אונו,עירייה,2015,3,404.0
קרית אונו,עירייה,2015,4,169.0
קרית אונו,עירייה,2016,1,295.0
קרית אונו,עירייה,2016,2,249.0
קרית אונו,עירייה,2016,3,332.0
קרית אונו,עירייה,2016,4,240.0
קרית אונו,עירייה,2017,1,409.0
קרית אונו,עירייה,2017,2,130.0
קרית אתא,עירייה,2012,1,625.0
קרית אתא,עירייה,2012,2,558.0
קרית אתא,עירייה,2012,3,656.0
קרית אתא,עירייה,2012,4,829.0
קרית אתא,עירייה,2013,1,1045.0
קרית אתא,עירייה,2013,2,985.0
קרית אתא,עירייה,2013,3,829.0
קרית אתא,עירייה,2013,4,1119.0
קרית אתא,עירייה,2014,1,1030.0
קרית אתא,עירייה,2014,2,511.0
קרית אתא,עירייה,2014,3,527.0
קרית אתא,עירייה,2014,4,514.0
קרית אתא,עירייה,2015,1,790.0
קרית אתא,עירייה,2015,2,929.0
קרית אתא,עירייה,2015,3,660.0
קרית אתא,עירייה,2015,4,709.0
קרית אתא,עירייה,2016,1,1020.0
קרית אתא,עירייה,2016,2,283.0
קרית אתא,עירייה,2016,3,469.0
קרית אתא,עירייה,2016,4,454.0
קרית אתא,עירייה,2017,1,489.0
קרית אתא,עירייה,2017,2,178.0
קרית ביאליק,עירייה,2012,1,465.0
קרית ביאליק,עירייה,2012,2,433.0
קרית ביאליק,עירייה,2012,3,562.0
קרית ביאליק,עירייה,2012,4,378.0
קרית ביאליק,עירייה,2013,1,705.0
קרית ביאליק,עירייה,2013,2,392.0
קרית ביאליק,עירייה,2013,3,408.0
קרית ביאליק,עירייה,2013,4,398.0
קרית ביאליק,עירייה,2014,1,531.0
קרית ביאליק,עירייה,2014,2,204.0
קרית ביאליק,עירייה,2014,3,331.0
קרית ביאליק,עירייה,2014,4,305.0
קרית ביאליק,עירייה,2015,1,460.0
קרית ביאליק,עירייה,2015,2,283.0
קרית ביאליק,עירייה,2015,3,289.0
קרית ביאליק,עירייה,2015,4,307.0
קרית ביאליק,עירייה,2016,1,632.0
קרית ביאליק,עירייה,2016,2,305.0
קרית ביאליק,עירייה,2016,3,287.0
קרית ביאליק,עירייה,2016,4,310.0
קרית ביאליק,עירייה,2017,1,366.0
קרית ביאליק,עירייה,2017,2,112.0
קרית גת,עירייה,2012,1,288.0
קרית גת,עירייה,2012,2,179.0
קרית גת,עירייה,2012,3,283.0
קרית גת,עירייה,2012,4,235.0
קרית גת,עירייה,2013,1,340.0
קרית גת,עירייה,2013,2,374.0
קרית גת,עירייה,2013,3,318.0
קרית גת,עירייה,2013,4,413.0
קרית גת,עירייה,2014,1,638.0
קרית גת,עירייה,2014,2,663.0
קרית גת,עירייה,2014,3,544.0
קרית גת,עירייה,2014,4,488.0
קרית גת,עירייה,2015,1,485.0
קרית גת,עירייה,2015,2,553.0
קרית גת,עירייה,2015,3,501.0
קרית גת,עירייה,2015,4,151.0
קרית גת,עירייה,2016,1,835.0
קרית גת,עירייה,2016,2,298.0
קרית גת,עירייה,2016,3,801.0
קרית גת,עירייה,2016,4,313.0
קרית גת,עירייה,2017,1,842.0
קרית גת,עירייה,2017,2,235.0
קרית טבעון,מועצה מקומית,2012,1,43.0
קרית טבעון,מועצה מקומית,2012,2,11.0
קרית טבעון,מועצה מקומית,2012,3,24.0
קרית טבעון,מועצה מקומית,2012,4,36.0
קרית טבעון,מועצה מקומית,2013,1,40.0
קרית טבעון,מועצה מקומית,2013,2,44.0
קרית טבעון,מועצה מקומית,2013,3,34.0
קרית טבעון,מועצה מקומית,2013,4,35.0
קרית טבעון,מועצה מקומית,2014,1,44.0
קרית טבעון,מועצה מקומית,2014,2,50.0
קרית טבעון,מועצה מקומית,2014,3,42.0
קרית טבעון,מועצה מקומית,2014,4,19.0
קרית טבעון,מועצה מקומית,2015,1,60.0
קרית טבעון,מועצה מקומית,2015,2,55.0
קרית טבעון,מועצה מקומית,2015,3,78.0
קרית טבעון,מועצה מקומית,2015,4,22.0
קרית טבעון,מועצה מקומית,2016,1,30.0
קרית טבעון,מועצה מקומית,2016,2,20.0
קרית טבעון,מועצה מקומית,2016,3,45.0
קרית טבעון,מועצה מקומית,2016,4,53.0
קרית טבעון,מועצה מקומית,2017,1,98.0
קרית טבעון,מועצה מקומית,2017,2,32.0
קרית ים,עירייה,2012,1,195.0
קרית ים,עירייה,2012,2,201.0
קרית ים,עירייה,2012,3,169.0
קרית ים,עירייה,2012,4,174.0
קרית ים,עירייה,2013,1,247.0
קרית ים,עירייה,2013,2,223.0
קרית ים,עירייה,2013,3,310.0
קרית ים,עירייה,2013,4,153.0
קרית ים,עירייה,2014,1,218.0
קרית ים,עירייה,2014,2,133.0
קרית ים,עירייה,2014,3,166.0
קרית ים,עירייה,2014,4,64.0
קרית ים,עירייה,2015,1,152.0
קרית ים,עירייה,2015,2,124.0
קרית ים,עירייה,2015,3,218.0
קרית ים,עירייה,2015,4,72.0
קרית ים,עירייה,2016,1,172.0
קרית ים,עירייה,2016,2,191.0
קרית ים,עירייה,2016,3,288.0
קרית ים,עירייה,2016,4,244.0
קרית ים,עירייה,2017,1,546.0
קרית ים,עירייה,2017,2,211.0
קרית מוצקין,עירייה,2012,1,880.0
קרית מוצקין,עירייה,2012,2,743.0
קרית מוצקין,עירייה,2012,3,566.0
קרית מוצקין,עירייה,2012,4,476.0
קרית מוצקין,עירייה,2013,1,520.0
קרית מוצקין,עירייה,2013,2,364.0
קרית מוצקין,עירייה,2013,3,300.0
קרית מוצקין,עירייה,2013,4,450.0
קרית מוצקין,עירייה,2014,1,629.0
קרית מוצקין,עירייה,2014,2,229.0
קרית מוצקין,עירייה,2014,3,250.0
קרית מוצקין,עירייה,2014,4,279.0
קרית מוצקין,עירייה,2015,1,241.0
קרית מוצקין,עירייה,2015,2,180.0
קרית מוצקין,עירייה,2015,3,199.0
קרית מוצקין,עירייה,2015,4,205.0
קרית מוצקין,עירייה,2016,1,221.0
קרית מוצקין,עירייה,2016,2,322.0
קרית מוצקין,עירייה,2016,3,352.0
קרית מוצקין,עירייה,2016,4,356.0
קרית מוצקין,עירייה,2017,1,414.0
קרית מוצקין,עירייה,2017,2,193.0
קרית מלאכי,עירייה,2012,1,402.0
קרית מלאכי,עירייה,2012,2,288.0
קרית מלאכי,עירייה,2012,3,417.0
קרית מלאכי,עירייה,2012,4,393.0
קרית מלאכי,עירייה,2013,1,376.0
קרית מלאכי,עירייה,2013,2,629.0
קרית מלאכי,עירייה,2013,3,990.0
קרית מלאכי,עירייה,2013,4,782.0
קרית מלאכי,עירייה,2014,1,808.0
קרית מלאכי,עירייה,2014,2,382.0
קרית מלאכי,עירייה,2014,3,164.0
קרית מלאכי,עירייה,2014,4,394.0
קרית מלאכי,עירייה,2015,1,430.0
קרית מלאכי,עירייה,2015,2,316.0
קרית מלאכי,עירייה,2015,3,432.0
קרית מלאכי,עירייה,2015,4,270.0
קרית מלאכי,עירייה,2016,1,443.0
קרית מלאכי,עירייה,2016,2,481.0
קרית מלאכי,עירייה,2016,3,454.0
קרית מלאכי,עירייה,2016,4,428.0
קרית מלאכי,עירייה,2017,1,648.0
קרית מלאכי,עירייה,2017,2,183.0
קרית עקרון,מועצה מקומית,2012,1,47.0
קרית עקרון,מועצה מקומית,2012,2,48.0
קרית עקרון,מועצה מקומית,2012,3,28.0
קרית עקרון,מועצה מקומית,2012,4,27.0
קרית עקרון,מועצה מקומית,2013,1,36.0
קרית עקרון,מועצה מקומית,2013,2,30.0
קרית עקרון,מועצה מקומית,2013,3,26.0
קרית עקרון,מועצה מקומית,2013,4,28.0
קרית עקרון,מועצה מקומית,2014,1,15.0
קרית עקרון,מועצה מקומית,2014,2,41.0
קרית עקרון,מועצה מקומית,2014,3,82.0
קרית עקרון,מועצה מקומית,2014,4,28.0
קרית עקרון,מועצה מקומית,2015,1,73.0
קרית עקרון,מועצה מקומית,2015,2,37.0
קרית עקרון,מועצה מקומית,2015,3,85.0
קרית עקרון,מועצה מקומית,2015,4,156.0
קרית עקרון,מועצה מקומית,2016,1,138.0
קרית עקרון,מועצה מקומית,2016,2,74.0
קרית עקרון,מועצה מקומית,2016,3,134.0
קרית עקרון,מועצה מקומית,2016,4,91.0
קרית עקרון,מועצה מקומית,2017,1,119.0
קרית עקרון,מועצה מקומית,2017,2,86.0
קרית שמונה,עירייה,2012,1,412.0
קרית שמונה,עירייה,2012,2,200.0
קרית שמונה,עירייה,2012,3,192.0
קרית שמונה,עירייה,2012,4,144.0
קרית שמונה,עירייה,2013,1,359.0
קרית שמונה,עירייה,2013,2,254.0
קרית שמונה,עירייה,2013,3,224.0
קרית שמונה,עירייה,2013,4,207.0
קרית שמונה,עירייה,2014,1,426.0
קרית שמונה,עירייה,2014,2,209.0
קרית שמונה,עירייה,2014,3,202.0
קרית שמונה,עירייה,2014,4,126.0
קרית שמונה,עירייה,2015,1,324.0
קרית שמונה,עירייה,2015,2,239.0
קרית שמונה,עירייה,2015,3,145.0
קרית שמונה,עירייה,2015,4,235.0
קרית שמונה,עירייה,2016,1,335.0
קרית שמונה,עירייה,2016,2,332.0
קרית שמונה,עירייה,2016,3,380.0
קרית שמונה,עירייה,2016,4,393.0
קרית שמונה,עירייה,2017,1,1125.0
קרית שמונה,עירייה,2017,2,222.0
ראש העין,עירייה,2012,1,384.0
ראש העין,עירייה,2012,2,399.0
ראש העין,עירייה,2012,3,220.0
ראש העין,עירייה,2012,4,203.0
ראש העין,עירייה,2013,1,197.0
ראש העין,עירייה,2013,2,170.0
ראש העין,עירייה,2013,3,179.0
ראש העין,עירייה,2013,4,194.0
ראש העין,עירייה,2014,1,272.0
ראש העין,עירייה,2014,2,322.0
ראש העין,עירייה,2014,3,337.0
ראש העין,עירייה,2014,4,281.0
ראש העין,עירייה,2015,1,557.0
ראש העין,עירייה,2015,2,517.0
ראש העין,עירייה,2015,3,761.0
ראש העין,עירייה,2015,4,903.0
ראש העין,עירייה,2016,1,1158.0
ראש העין,עירייה,2016,2,744.0
ראש העין,עירייה,2016,3,832.0
ראש העין,עירייה,2016,4,485.0
ראש העין,עירייה,2017,1,770.0
ראש העין,עירייה,2017,2,324.0
ראש פינה,מועצה מקומית,2012,1,196.0
ראש פינה,מועצה מקומית,2012,2,358.0
ראש פינה,מועצה מקומית,2012,3,268.0
ראש פינה,מועצה מקומית,2012,4,103.0
ראש פינה,מועצה מקומית,2013,1,248.0
ראש פינה,מועצה מקומית,2013,2,150.0
ראש פינה,מועצה מקומית,2013,3,355.0
ראש פינה,מועצה מקומית,2013,4,305.0
ראש פינה,מועצה מקומית,2014,1,371.0
ראש פינה,מועצה מקומית,2014,2,276.0
ראש פינה,מועצה מקומית,2014,3,146.0
ראש פינה,מועצה מקומית,2014,4,62.0
ראש פינה,מועצה מקומית,2015,1,165.0
ראש פינה,מועצה מקומית,2015,2,190.0
ראש פינה,מועצה מקומית,2015,3,129.0
ראש פינה,מועצה מקומית,2015,4,129.0
ראש פינה,מועצה מקומית,2016,1,267.0
ראש פינה,מועצה מקומית,2016,2,142.0
ראש פינה,מועצה מקומית,2016,3,230.0
ראש פינה,מועצה מקומית,2016,4,136.0
ראש פינה,מועצה מקומית,2017,1,89.0
ראש פינה,מועצה מקומית,2017,2,71.0
ראשון לציון,עירייה,2012,1,2182.0
ראשון לציון,עירייה,2012,2,1602.0
ראשון לציון,עירייה,2012,3,1668.0
ראשון לציון,עירייה,2012,4,2632.0
ראשון לציון,עירייה,2013,1,2380.0
ראשון לציון,עירייה,2013,2,2450.0
ראשון לציון,עירייה,2013,3,2363.0
ראשון לציון,עירייה,2013,4,2219.0
ראשון לציון,עירייה,2014,1,2982.0
ראשון לציון,עירייה,2014,2,1578.0
ראשון לציון,עירייה,2014,3,1965.0
ראשון לציון,עירייה,2014,4,2297.0
ראשון לציון,עירייה,2015,1,2665.0
ראשון לציון,עירייה,2015,2,3595.0
ראשון לציון,עירייה,2015,3,2942.0
ראשון לציון,עירייה,2015,4,3396.0
ראשון לציון,עירייה,2016,1,3295.0
ראשון לציון,עירייה,2016,2,2823.0
ראשון לציון,עירייה,2016,3,2769.0
ראשון לציון,עירייה,2016,4,2756.0
ראשון לציון,עירייה,2017,1,8077.0
ראשון לציון,עירייה,2017,2,5303.0
רהט,עירייה,2012,1,209.0
רהט,עירייה,2012,2,206.0
רהט,עירייה,2012,3,355.0
רהט,עירייה,2012,4,371.0
רהט,עירייה,2013,1,618.0
רהט,עירייה,2013,2,608.0
רהט,עירייה,2013,3,422.0
רהט,עירייה,2013,4,500.0
רהט,עירייה,2014,1,426.0
רהט,עירייה,2014,2,444.0
רהט,עירייה,2014,3,224.0
רהט,עירייה,2014,4,196.0
רהט,עירייה,2015,1,138.0
רהט,עירייה,2015,2,484.0
רהט,עירייה,2015,3,246.0
רהט,עירייה,2015,4,186.0
רהט,עירייה,2016,1,423.0
רהט,עירייה,2016,2,549.0
רהט,עירייה,2016,3,625.0
רהט,עירייה,2016,4,538.0
רהט,עירייה,2017,1,679.0
רהט,עירייה,2017,2,336.0
רחובות,עירייה,2012,1,1378.0
רחובות,עירייה,2012,2,1425.0
רחובות,עירייה,2012,3,1736.0
רחובות,עירייה,2012,4,937.0
רחובות,עירייה,2013,1,1668.0
רחובות,עירייה,2013,2,1956.0
רחובות,עירייה,2013,3,1426.0
רחובות,עירייה,2013,4,1161.0
רחובות,עירייה,2014,1,1558.0
רחובות,עירייה,2014,2,1710.0
רחובות,עירייה,2014,3,1142.0
רחובות,עירייה,2014,4,1030.0
רחובות,עירייה,2015,1,1459.0
רחובות,עירייה,2015,2,753.0
רחובות,עירייה,2015,3,1123.0
רחובות,עירייה,2015,4,1613.0
רחובות,עירייה,2016,1,1794.0
רחובות,עירייה,2016,2,1523.0
רחובות,עירייה,2016,3,2075.0
רחובות,עירייה,2016,4,1352.0
רחובות,עירייה,2017,1,1712.0
רחובות,עירייה,2017,2,1004.0
ריינה,מועצה מקומית,2012,1,37.0
ריינה,מועצה מקומית,2012,2,21.0
ריינה,מועצה מקומית,2012,3,34.0
ריינה,מועצה מקומית,2012,4,32.0
ריינה,מועצה מקומית,2013,1,29.0
ריינה,מועצה מקומית,2013,2,18.0
ריינה,מועצה מקומית,2013,3,41.0
ריינה,מועצה מקומית,2013,4,23.0
ריינה,מועצה מקומית,2014,1,350.0
ריינה,מועצה מקומית,2014,2,107.0
ריינה,מועצה מקומית,2014,3,72.0
ריינה,מועצה מקומית,2014,4,17.0
ריינה,מועצה מקומית,2015,1,125.0
ריינה,מועצה מקומית,2015,2,123.0
ריינה,מועצה מקומית,2015,3,232.0
ריינה,מועצה מקומית,2015,4,84.0
ריינה,מועצה מקומית,2016,1,157.0
ריינה,מועצה מקומית,2016,2,118.0
ריינה,מועצה מקומית,2016,3,36.0
ריינה,מועצה מקומית,2016,4,71.0
ריינה,מועצה מקומית,2017,1,78.0
ריינה,מועצה מקומית,2017,2,72.0
רכסים,מועצה מקומית,2012,1,32.0
רכסים,מועצה מקומית,2012,2,31.0
רכסים,מועצה מקומית,2012,3,77.0
רכסים,מועצה מקומית,2012,4,102.0
רכסים,מועצה מקומית,2013,1,98.0
רכסים,מועצה מקומית,2013,2,59.0
רכסים,מועצה מקומית,2013,3,90.0
רכסים,מועצה מקומית,2013,4,30.0
רכסים,מועצה מקומית,2014,1,57.0
רכסים,מועצה מקומית,2014,2,39.0
רכסים,מועצה מקומית,2014,3,83.0
רכסים,מועצה מקומית,2014,4,19.0
רכסים,מועצה מקומית,2015,1,41.0
רכסים,מועצה מקומית,2015,2,27.0
רכסים,מועצה מקומית,2015,3,55.0
רכסים,מועצה מקומית,2015,4,38.0
רכסים,מועצה מקומית,2016,1,43.0
רכסים,מועצה מקומית,2016,2,18.0
רכסים,מועצה מקומית,2016,3,36.0
רכסים,מועצה מקומית,2016,4,19.0
רכסים,מועצה מקומית,2017,1,36.0
רכסים,מועצה מקומית,2017,2,12.0
רמלה,עירייה,2012,1,913.0
רמלה,עירייה,2012,2,937.0
רמלה,עירייה,2012,3,814.0
רמלה,עירייה,2012,4,962.0
רמלה,עירייה,2013,1,1218.0
רמלה,עירייה,2013,2,1287.0
רמלה,עירייה,2013,3,1067.0
רמלה,עירייה,2013,4,1004.0
רמלה,עירייה,2014,1,1500.0
רמלה,עירייה,2014,2,828.0
רמלה,עירייה,2014,3,908.0
רמלה,עירייה,2014,4,1446.0
רמלה,עירייה,2015,1,1835.0
רמלה,עירייה,2015,2,1706.0
רמלה,עירייה,2015,3,1788.0
רמלה,עירייה,2015,4,1436.0
רמלה,עירייה,2016,1,2333.0
רמלה,עירייה,2016,2,1979.0
רמלה,עירייה,2016,3,1945.0
רמלה,עירייה,2016,4,1490.0
רמלה,עירייה,2017,1,2281.0
רמלה,עירייה,2017,2,806.0
רמת גן,עירייה,2012,1,2674.0
רמת גן,עירייה,2012,2,3539.0
רמת גן,עירייה,2012,3,4204.0
רמת גן,עירייה,2012,4,4118.0
רמת גן,עירייה,2013,1,3436.0
רמת גן,עירייה,2013,2,4572.0
רמת גן,עירייה,2013,3,3984.0
רמת גן,עירייה,2013,4,2837.0
רמת גן,עירייה,2014,1,3409.0
רמת גן,עירייה,2014,2,2774.0
רמת גן,עירייה,2014,3,1894.0
רמת גן,עירייה,2014,4,2533.0
רמת גן,עירייה,2015,1,2692.0
רמת גן,עירייה,2015,2,4141.0
רמת גן,עירייה,2015,3,7160.0
רמת גן,עירייה,2015,4,5422.0
רמת גן,עירייה,2016,1,5610.0
רמת גן,עירייה,2016,2,3797.0
רמת גן,עירייה,2016,3,5434.0
רמת גן,עירייה,2016,4,6289.0
רמת גן,עירייה,2017,1,9015.0
רמת גן,עירייה,2017,2,3481.0
רמת השרון,עירייה,2012,1,451.0
רמת השרון,עירייה,2012,2,343.0
רמת השרון,עירייה,2012,3,283.0
רמת השרון,עירייה,2012,4,364.0
רמת השרון,עירייה,2013,1,491.0
רמת השרון,עירייה,2013,2,456.0
רמת השרון,עירייה,2013,3,594.0
רמת השרון,עירייה,2013,4,472.0
רמת השרון,עירייה,2014,1,612.0
רמת השרון,עירייה,2014,2,666.0
רמת השרון,עירייה,2014,3,432.0
רמת השרון,עירייה,2014,4,410.0
רמת השרון,עירייה,2015,1,511.0
רמת השרון,עירייה,2015,2,556.0
רמת השרון,עירייה,2015,3,571.0
רמת השרון,עירייה,2015,4,664.0
רמת השרון,עירייה,2016,1,492.0
רמת השרון,עירייה,2016,2,535.0
רמת השרון,עירייה,2016,3,816.0
רמת השרון,עירייה,2016,4,558.0
רמת השרון,עירייה,2017,1,1071.0
רמת השרון,עירייה,2017,2,520.0
רמת ישי,מועצה מקומית,2012,1,105.0
רמת ישי,מועצה מקומית,2012,2,102.0
רמת ישי,מועצה מקומית,2012,3,61.0
רמת ישי,מועצה מקומית,2012,4,60.0
רמת ישי,מועצה מקומית,2013,1,67.0
רמת ישי,מועצה מקומית,2013,2,102.0
רמת ישי,מועצה מקומית,2013,3,87.0
רמת ישי,מועצה מקומית,2013,4,76.0
רמת ישי,מועצה מקומית,2014,1,166.0
רמת ישי,מועצה מקומית,2014,2,164.0
רמת ישי,מועצה מקומית,2014,3,102.0
רמת ישי,מועצה מקומית,2014,4,84.0
רמת ישי,מועצה מקומית,2015,1,111.0
רמת ישי,מועצה מקומית,2015,2,90.0
רמת ישי,מועצה מקומית,2015,3,77.0
רמת ישי,מועצה מקומית,2015,4,114.0
רמת ישי,מועצה מקומית,2016,1,130.0
רמת ישי,מועצה מקומית,2016,2,93.0
רמת ישי,מועצה מקומית,2016,3,111.0
רמת ישי,מועצה מקומית,2016,4,156.0
רמת ישי,מועצה מקומית,2017,1,470.0
רמת ישי,מועצה מקומית,2017,2,147.0
רעננה,עירייה,2012,1,513.0
רעננה,עירייה,2012,2,607.0
רעננה,עירייה,2012,3,826.0
רעננה,עירייה,2012,4,555.0
רעננה,עירייה,2013,1,652.0
רעננה,עירייה,2013,2,592.0
רעננה,עירייה,2013,3,761.0
רעננה,עירייה,2013,4,706.0
רעננה,עירייה,2014,1,484.0
רעננה,עירייה,2014,2,490.0
רעננה,עירייה,2014,3,536.0
רעננה,עירייה,2014,4,414.0
רעננה,עירייה,2015,1,551.0
רעננה,עירייה,2015,2,514.0
רעננה,עירייה,2015,3,563.0
רעננה,עירייה,2015,4,560.0
רעננה,עירייה,2016,1,865.0
רעננה,עירייה,2016,2,686.0
רעננה,עירייה,2016,3,1460.0
רעננה,עירייה,2016,4,1082.0
רעננה,עירייה,2017,1,2088.0
רעננה,עירייה,2017,2,911.0
שגב שלום,מועצה מקומית,2012,1,47.0
שגב שלום,מועצה מקומית,2012,2,24.0
שגב שלום,מועצה מקומית,2012,3,50.0
שגב שלום,מועצה מקומית,2012,4,17.0
שגב שלום,מועצה מקומית,2013,1,76.0
שגב שלום,מועצה מקומית,2013,2,29.0
שגב שלום,מועצה מקומית,2013,3,133.0
שגב שלום,מועצה מקומית,2013,4,59.0
שגב שלום,מועצה מקומית,2014,1,83.0
שגב שלום,מועצה מקומית,2014,2,63.0
שגב שלום,מועצה מקומית,2014,3,117.0
שגב שלום,מועצה מקומית,2014,4,115.0
שגב שלום,מועצה מקומית,2015,1,116.0
שגב שלום,מועצה מקומית,2015,2,102.0
שגב שלום,מועצה מקומית,2015,3,134.0
שגב שלום,מועצה מקומית,2015,4,19.0
שגב שלום,מועצה מקומית,2016,1,185.0
שגב שלום,מועצה מקומית,2016,2,272.0
שגב שלום,מועצה מקומית,2016,3,253.0
שגב שלום,מועצה מקומית,2016,4,218.0
שגב שלום,מועצה מקומית,2017,1,132.0
שגב שלום,מועצה מקומית,2017,2,92.0
שדרות,עירייה,2012,1,502.0
שדרות,עירייה,2012,2,444.0
שדרות,עירייה,2012,3,360.0
שדרות,עירייה,2012,4,336.0
שדרות,עירייה,2013,1,388.0
שדרות,עירייה,2013,2,591.0
שדרות,עירייה,2013,3,380.0
שדרות,עירייה,2013,4,394.0
שדרות,עירייה,2014,1,556.0
שדרות,עירייה,2014,2,322.0
שדרות,עירייה,2014,3,323.0
שדרות,עירייה,2014,4,254.0
שדרות,עירייה,2015,1,648.0
שדרות,עירייה,2015,2,535.0
שדרות,עירייה,2015,3,414.0
שדרות,עירייה,2015,4,399.0
שדרות,עירייה,2016,1,669.0
שדרות,עירייה,2016,2,516.0
שדרות,עירייה,2016,3,544.0
שדרות,עירייה,2016,4,402.0
שדרות,עירייה,2017,1,523.0
שדרות,עירייה,2017,2,238.0
שוהם,מועצה מקומית,2012,1,200.0
שוהם,מועצה מקומית,2012,2,61.0
שוהם,מועצה מקומית,2012,3,81.0
שוהם,מועצה מקומית,2012,4,66.0
שוהם,מועצה מקומית,2013,1,67.0
שוהם,מועצה מקומית,2013,2,84.0
שוהם,מועצה מקומית,2013,3,76.0
שוהם,מועצה מקומית,2013,4,22.0
שוהם,מועצה מקומית,2014,1,59.0
שוהם,מועצה מקומית,2014,2,87.0
שוהם,מועצה מקומית,2014,3,89.0
שוהם,מועצה מקומית,2014,4,147.0
שוהם,מועצה מקומית,2015,1,371.0
שוהם,מועצה מקומית,2015,2,339.0
שוהם,מועצה מקומית,2015,3,310.0
שוהם,מועצה מקומית,2015,4,401.0
שוהם,מועצה מקומית,2016,1,347.0
שוהם,מועצה מקומית,2016,2,255.0
שוהם,מועצה מקומית,2016,3,361.0
שוהם,מועצה מקומית,2016,4,292.0
שוהם,מועצה מקומית,2017,1,279.0
שוהם,מועצה מקומית,2017,2,144.0
שפרעם,עירייה,2012,1,285.0
שפרעם,עירייה,2012,2,237.0
שפרעם,עירייה,2012,3,299.0
שפרעם,עירייה,2012,4,216.0
שפרעם,עירייה,2013,1,383.0
שפרעם,עירייה,2013,2,495.0
שפרעם,עירייה,2013,3,365.0
שפרעם,עירייה,2013,4,200.0
שפרעם,עירייה,2014,1,419.0
שפרעם,עירייה,2014,2,340.0
שפרעם,עירייה,2014,3,295.0
שפרעם,עירייה,2014,4,135.0
שפרעם,עירייה,2015,1,449.0
שפרעם,עירייה,2015,2,653.0
שפרעם,עירייה,2015,3,610.0
שפרעם,עירייה,2015,4,494.0
שפרעם,עירייה,2016,1,784.0
שפרעם,עירייה,2016,2,662.0
שפרעם,עירייה,2016,3,736.0
שפרעם,עירייה,2016,4,890.0
שפרעם,עירייה,2017,1,1013.0
שפרעם,עירייה,2017,2,529.0
תל אביב יפו,עירייה,2012,1,15293.0
תל אביב יפו,עירייה,2012,2,12811.0
תל אביב יפו,עירייה,2012,3,13615.0
תל אביב יפו,עירייה,2012,4,11409.0
תל אביב יפו,עירייה,2013,1,19577.0
תל אביב יפו,עירייה,2013,2,12495.0
תל אביב יפו,עירייה,2013,3,10883.0
תל אביב יפו,עירייה,2013,4,12325.0
תל אביב יפו,עירייה,2014,1,11233.0
תל אביב יפו,עירייה,2014,2,11776.0
תל אביב יפו,עירייה,2014,3,14631.0
תל אביב יפו,עירייה,2014,4,16393.0
תל אביב יפו,עירייה,2015,1,25407.0
תל אביב יפו,עירייה,2015,2,23773.0
תל אביב יפו,עירייה,2015,3,22716.0
תל אביב יפו,עירייה,2015,4,22392.0
תל אביב יפו,עירייה,2016,1,22846.0
תל אביב יפו,עירייה,2016,2,20130.0
תל אביב יפו,עירייה,2016,3,23176.0
תל אביב יפו,עירייה,2016,4,16892.0
תל אביב יפו,עירייה,2017,1,23914.0
תל אביב יפו,עירייה,2017,2,10672.0
תל מונד,מועצה מקומית,2012,1,185.0
תל מונד,מועצה מקומית,2012,2,112.0
תל מונד,מועצה מקומית,2012,3,62.0
תל מונד,מועצה מקומית,2012,4,63.0
תל מונד,מועצה מקומית,2013,1,50.0
תל מונד,מועצה מקומית,2013,2,18.0
תל מונד,מועצה מקומית,2013,3,30.0
תל מונד,מועצה מקומית,2013,4,29.0
תל מונד,מועצה מקומית,2014,1,21.0
תל מונד,מועצה מקומית,2014,2,86.0
תל מונד,מועצה מקומית,2014,3,54.0
תל מונד,מועצה מקומית,2014,4,54.0
תל מונד,מועצה מקומית,2015,1,51.0
תל מונד,מועצה מקומית,2015,2,51.0
תל מונד,מועצה מקומית,2015,3,32.0
תל מונד,מועצה מקומית,2015,4,92.0
תל מונד,מועצה מקומית,2016,1,140.0
תל מונד,מועצה מקומית,2016,2,84.0
תל מונד,מועצה מקומית,2016,3,74.0
תל מונד,מועצה מקומית,2016,4,76.0
תל מונד,מועצה מקומית,2017,1,62.0
תל מונד,מועצה מקומית,2017,2,23.0
